<?xml version="1.0" encoding="UTF-8"?>
<export version="D">
  <design>
    <source>C:\Users\Nitro\Desktop\NORA MINI\NORA_MINI\NORA_MINI.sch</source>
    <date>17.11.2024 10:49:45</date>
    <tool>Eeschema (5.1.12)-1</tool>
    <sheet number="1" name="/" tstamps="/">
      <title_block>
        <title>NORA MINI</title>
        <company>Engineering Design</company>
        <rev>V1.2</rev>
        <date>05.11.24</date>
        <source>NORA_MINI.sch</source>
        <comment number="1" value="5-24V DIGITAL SIGNAL DEDECTOR,HUMIDITY SENSOR,PWM CONTROL,RELAY CONTROL "/>
        <comment number="2" value="PERIPERHAL: TEMPERATURE SENSOR,CURRENT SENSOR,"/>
        <comment number="3" value="MCU:ESP32"/>
        <comment number="4" value="SMART CONTROLLER "/>
      </title_block>
    </sheet>
  </design>
  <components>
    <comp ref="L1">
      <value>33uH</value>
      <footprint>User_Footprint:L_12x12mm_H8mm</footprint>
      <fields>
        <field name="Link">https://www.direnc.net/33uh-12x12-pcs127-330k?language=tr&amp;h=2b404c37&amp;srsltid=AfmBOortQl4wt-TXu5_AuW7M607iYPLwEUSg-HScGQ4T6Ya-F2ECc_lAd_g</field>
      </fields>
      <libsource lib="User_Libraries" part="INDUCTOR" description=""/>
      <sheetpath names="/" tstamps="/"/>
      <tstamp>670EEB6C</tstamp>
    </comp>
    <comp ref="D1">
      <value>SS34</value>
      <footprint>Diode_SMD:D_SMC</footprint>
      <datasheet>~</datasheet>
      <fields>
        <field name="Link">https://www.direnc.net/ss34-ht-3a-40v-schottky-diyot?language=tr&amp;h=60ecfca2&amp;gad_source=4&amp;gclid=Cj0KCQjwmt24BhDPARIsAJFYKk2R8RXAqGXfSLJvR7NgDQGlWCk9SYd82VIX2a_zPYy47p_ny3wEEtkaAh6hEALw_wcB</field>
      </fields>
      <libsource lib="Device" part="D_Schottky_Small" description="Schottky diode, small symbol"/>
      <sheetpath names="/" tstamps="/"/>
      <tstamp>670F16E7</tstamp>
    </comp>
    <comp ref="D5">
      <value>1N4007</value>
      <footprint>Diode_SMD:D_SMA</footprint>
      <datasheet>~</datasheet>
      <fields>
        <field name="Link">https://www.direnc.net/1n4007-smd-diyot-toshiba</field>
      </fields>
      <libsource lib="Device" part="D" description="Diode"/>
      <sheetpath names="/" tstamps="/"/>
      <tstamp>67107DA6</tstamp>
    </comp>
    <comp ref="U5">
      <value>IS281GB</value>
      <footprint>User_Footprint:IS281GB</footprint>
      <fields>
        <field name="Link">https://www.ozdisan.com/optoelektronikler/optokuplorler-fotokuplorler-ve-optikler/transistor-ve-fotovoltaik-cikisli-optokuplorler/IS281GB?srsltid=AfmBOorANvDVwGSxote0y9E8C6w-4Fy5NSjyqTbkl-D_t2GSM0tVm2kl</field>
      </fields>
      <libsource lib="Isolator" part="SFH617A-1X001" description="Optocoupler, Phototransistor Output, 5300 VRMS, VCEO 70V, CTR% 40-80, -55 to +110 degree Celcius, VDE, UL, BSI, FIMKO, cUL, THT PDIP-4"/>
      <sheetpath names="/" tstamps="/"/>
      <tstamp>67108B0F</tstamp>
    </comp>
    <comp ref="U7">
      <value>2N2222</value>
      <footprint>nora_footprint:2N2222_SOT23</footprint>
      <datasheet>https://pdf.direnc.net/upload/2n2222-transistor-npn-smd-sot-23-datasheet.pdf</datasheet>
      <fields>
        <field name="Link">https://www.direnc.net/mmbt2222a-npn-smd-transistor-sot23</field>
      </fields>
      <libsource lib="nora_symbols" part="2N2222" description=""/>
      <sheetpath names="/" tstamps="/"/>
      <tstamp>67107251</tstamp>
    </comp>
    <comp ref="R13">
      <value>1K 1/4W</value>
      <footprint>Resistor_SMD:R_1206_3216Metric</footprint>
      <datasheet>~</datasheet>
      <fields>
        <field name="Link">https://www.direnc.net/1k-1206-kilif-direnc-100-adet</field>
      </fields>
      <libsource lib="Device" part="R_Small_US" description="Resistor, small US symbol"/>
      <sheetpath names="/" tstamps="/"/>
      <tstamp>671105D5</tstamp>
    </comp>
    <comp ref="J1">
      <value>Screw_Terminal_01x02</value>
      <footprint>Connector_Phoenix_MC_HighVoltage:PhoenixContact_MC_1,5_2-G-5.08_1x02_P5.08mm_Horizontal</footprint>
      <datasheet>~</datasheet>
      <fields>
        <field name="Link">https://www.direnc.net/2-pin-508mm-90-erkek-gecmeli-yesil-klemens-1</field>
      </fields>
      <libsource lib="Connector" part="Screw_Terminal_01x02" description="Generic screw terminal, single row, 01x02, script generated (kicad-library-utils/schlib/autogen/connector/)"/>
      <sheetpath names="/" tstamps="/"/>
      <tstamp>6710F8A5</tstamp>
    </comp>
    <comp ref="R15">
      <value>1K-1W</value>
      <footprint>Resistor_SMD:R_2512_6332Metric</footprint>
      <datasheet>~</datasheet>
      <fields>
        <field name="Link">https://www.direnc.net/1k-5-1w-2512-smd-direnc-4000-adet</field>
      </fields>
      <libsource lib="Device" part="R_Small_US" description="Resistor, small US symbol"/>
      <sheetpath names="/" tstamps="/"/>
      <tstamp>671111EC</tstamp>
    </comp>
    <comp ref="R16">
      <value>1K-1W</value>
      <footprint>Resistor_SMD:R_2512_6332Metric</footprint>
      <datasheet>~</datasheet>
      <fields>
        <field name="Link">https://www.direnc.net/1k-5-1w-2512-smd-direnc-4000-adet</field>
      </fields>
      <libsource lib="Device" part="R_Small_US" description="Resistor, small US symbol"/>
      <sheetpath names="/" tstamps="/"/>
      <tstamp>67111DE7</tstamp>
    </comp>
    <comp ref="D6">
      <value>2V-500mW</value>
      <footprint>nora_footprint:SOD80_zener</footprint>
      <datasheet>~</datasheet>
      <fields>
        <field name="Link">https://www.ozdisan.com/guc-yari-iletkenleri/diyotlar-modul-diyotlar-ve-dogrultucular/zener-diyotlar/ZMM55C2V0-HT/446436</field>
      </fields>
      <libsource lib="Device" part="D_Zener" description="Zener diode"/>
      <sheetpath names="/" tstamps="/"/>
      <tstamp>671152D8</tstamp>
    </comp>
    <comp ref="R17">
      <value>180R 1/4W</value>
      <footprint>Resistor_SMD:R_1206_3216Metric</footprint>
      <datasheet>~</datasheet>
      <fields>
        <field name="Link">https://www.direnc.net/15r-1206-14-smd-direnc</field>
      </fields>
      <libsource lib="Device" part="R_Small_US" description="Resistor, small US symbol"/>
      <sheetpath names="/" tstamps="/"/>
      <tstamp>671218C4</tstamp>
    </comp>
    <comp ref="U11">
      <value>IS281GB</value>
      <footprint>User_Footprint:IS281GB</footprint>
      <fields>
        <field name="Link">https://www.ozdisan.com/optoelektronikler/optokuplorler-fotokuplorler-ve-optikler/transistor-ve-fotovoltaik-cikisli-optokuplorler/IS281GB?srsltid=AfmBOooNdoOw6x58Hh2xDj9CDnXPxn5VSXcZ5bHtdYIS_MBjRGHa0aNi</field>
      </fields>
      <libsource lib="Isolator" part="NSL-32" description="Optocoupler, LED Input, Photocell Output"/>
      <sheetpath names="/" tstamps="/"/>
      <tstamp>6712294A</tstamp>
    </comp>
    <comp ref="R19">
      <value>10K 1/4W</value>
      <footprint>Resistor_SMD:R_1206_3216Metric</footprint>
      <datasheet>~</datasheet>
      <fields>
        <field name="Link">https://www.direnc.net/10k-1206-kilif-direnc-100-adet</field>
      </fields>
      <libsource lib="Device" part="R_Small_US" description="Resistor, small US symbol"/>
      <sheetpath names="/" tstamps="/"/>
      <tstamp>67125BFA</tstamp>
    </comp>
    <comp ref="C12">
      <value>100nF-16V</value>
      <footprint>Capacitor_SMD:C_0603_1608Metric</footprint>
      <datasheet>~</datasheet>
      <fields>
        <field name="Link">https://www.ozdisan.com/pasif-komponentler/kondansatorler/smd-kondansatorler-mlcc/CL10B104KO8WPNC?srsltid=AfmBOorD8I4dg25tyjDcL4EUf4tP3k2-qbXghSv1scdeMYV-hiYmw1WK</field>
      </fields>
      <libsource lib="Device" part="C_Small" description="Unpolarized capacitor, small symbol"/>
      <sheetpath names="/" tstamps="/"/>
      <tstamp>67126B52</tstamp>
    </comp>
    <comp ref="R18">
      <value>180R 1/4W</value>
      <footprint>Resistor_SMD:R_1206_3216Metric</footprint>
      <datasheet>~</datasheet>
      <fields>
        <field name="Link">https://www.direnc.net/15r-1206-14-smd-direnc</field>
      </fields>
      <libsource lib="Device" part="R_Small_US" description="Resistor, small US symbol"/>
      <sheetpath names="/" tstamps="/"/>
      <tstamp>671343B5</tstamp>
    </comp>
    <comp ref="J4">
      <value>Screw_Terminal_01x02</value>
      <footprint>Connector_Phoenix_MC_HighVoltage:PhoenixContact_MC_1,5_2-G-5.08_1x02_P5.08mm_Horizontal</footprint>
      <datasheet>~</datasheet>
      <fields>
        <field name="Link">https://www.direnc.net/2-pin-508mm-90-erkek-gecmeli-yesil-klemens-1</field>
      </fields>
      <libsource lib="Connector" part="Screw_Terminal_01x02" description="Generic screw terminal, single row, 01x02, script generated (kicad-library-utils/schlib/autogen/connector/)"/>
      <sheetpath names="/" tstamps="/"/>
      <tstamp>67249525</tstamp>
    </comp>
    <comp ref="R25">
      <value>150R</value>
      <footprint>Resistor_SMD:R_1206_3216Metric</footprint>
      <datasheet>~</datasheet>
      <fields>
        <field name="Link">https://www.direnc.net/150r-1206-kilif-direnc-100-adet</field>
      </fields>
      <libsource lib="Device" part="R_Small_US" description="Resistor, small US symbol"/>
      <sheetpath names="/" tstamps="/"/>
      <tstamp>6724AA72</tstamp>
    </comp>
    <comp ref="U4">
      <value>LM358</value>
      <footprint>Package_SO:SOIC-8_3.9x4.9mm_P1.27mm</footprint>
      <fields>
        <field name="Link">https://www.direnc.net/lm358-smd-single-supply-dual-operational-amplifiers?language=tr&amp;h=c0482576&amp;gad_source=4&amp;gclid=Cj0KCQjwveK4BhD4ARIsAKy6pMLwLKcAddfYTD-25Wzii-YVzOzwAqcfLk8Hth1XStyOdq42hOZQgskaAmYYEALw_wcB</field>
      </fields>
      <libsource lib="Amplifier_Operational" part="LM358" description="Low-Power, Dual Operational Amplifiers, DIP-8/SOIC-8/TO-99-8"/>
      <sheetpath names="/" tstamps="/"/>
      <tstamp>6724F6F2</tstamp>
    </comp>
    <comp ref="U12">
      <value>LM358</value>
      <footprint>Package_SO:SOIC-8_3.9x4.9mm_P1.27mm</footprint>
      <fields>
        <field name="Link">https://www.direnc.net/lm358-smd-single-supply-dual-operational-amplifiers?language=tr&amp;h=c0482576&amp;gad_source=4&amp;gclid=Cj0KCQjwveK4BhD4ARIsAKy6pMLwLKcAddfYTD-25Wzii-YVzOzwAqcfLk8Hth1XStyOdq42hOZQgskaAmYYEALw_wcB</field>
      </fields>
      <libsource lib="Amplifier_Operational" part="LM358" description="Low-Power, Dual Operational Amplifiers, DIP-8/SOIC-8/TO-99-8"/>
      <sheetpath names="/" tstamps="/"/>
      <tstamp>672C8ECB</tstamp>
    </comp>
    <comp ref="C14">
      <value>100nF-16V</value>
      <footprint>Capacitor_SMD:C_0603_1608Metric</footprint>
      <datasheet>~</datasheet>
      <fields>
        <field name="Link">https://www.ozdisan.com/pasif-komponentler/kondansatorler/smd-kondansatorler-mlcc/CL10B104KO8WPNC?srsltid=AfmBOorD8I4dg25tyjDcL4EUf4tP3k2-qbXghSv1scdeMYV-hiYmw1WK</field>
      </fields>
      <libsource lib="Device" part="C_Small" description="Unpolarized capacitor, small symbol"/>
      <sheetpath names="/" tstamps="/"/>
      <tstamp>672C8EDD</tstamp>
    </comp>
    <comp ref="R27">
      <value>249R</value>
      <footprint>Resistor_SMD:R_0805_2012Metric</footprint>
      <datasheet>~</datasheet>
      <fields>
        <field name="Link">https://ozdisan.com/pasif-komponentler/direncler/smt-smd-ve-cip-direncler/0805S8F2490T5E/505404?srsltid=AfmBOorp7EEfs270IwNvbd9l1WIWdivTvopMTQq5Qnzk358PV-wWpPiF</field>
      </fields>
      <libsource lib="Device" part="R_Small_US" description="Resistor, small US symbol"/>
      <sheetpath names="/" tstamps="/"/>
      <tstamp>673E05CD</tstamp>
    </comp>
    <comp ref="U13">
      <value>Driver_FET_TLP250</value>
      <footprint>Package_DIP:DIP-8_W7.62mm_LongPads</footprint>
      <fields>
        <field name="Link">https://www.direnc.net/tlp250-soic8-smd-mosfet-cikis-optokuplor-entegresi?language=tr&amp;h=bcf3109a&amp;gad_source=4&amp;gclid=Cj0KCQjwveK4BhD4ARIsAKy6pMJRJaBfHPq3r8d_mDDs48l4eA_Ozeu1zOTqUvvSiBOb_eyxclMy6soaAkADEALw_wcB</field>
      </fields>
      <libsource lib="NORA_BOTTOM-cache" part="Driver_FET_TLP250" description=""/>
      <sheetpath names="/" tstamps="/"/>
      <tstamp>673DE7DD</tstamp>
    </comp>
    <comp ref="C15">
      <value>100nF-16V</value>
      <footprint>Capacitor_SMD:C_0603_1608Metric</footprint>
      <datasheet>~</datasheet>
      <fields>
        <field name="Link">https://www.ozdisan.com/pasif-komponentler/kondansatorler/smd-kondansatorler-mlcc/CL10B104KO8WPNC?srsltid=AfmBOorD8I4dg25tyjDcL4EUf4tP3k2-qbXghSv1scdeMYV-hiYmw1WK</field>
      </fields>
      <libsource lib="Device" part="C_Small" description="Unpolarized capacitor, small symbol"/>
      <sheetpath names="/" tstamps="/"/>
      <tstamp>6741DA51</tstamp>
    </comp>
    <comp ref="R29">
      <value>0R</value>
      <footprint>Resistor_SMD:R_1206_3216Metric</footprint>
      <datasheet>~</datasheet>
      <fields>
        <field name="Link">https://www.direnc.net/0r-1206-kilif-direnc-100-adet</field>
      </fields>
      <libsource lib="Device" part="R_Small_US" description="Resistor, small US symbol"/>
      <sheetpath names="/" tstamps="/"/>
      <tstamp>67434BF8</tstamp>
    </comp>
    <comp ref="R28">
      <value>0R</value>
      <footprint>Resistor_SMD:R_1206_3216Metric</footprint>
      <datasheet>~</datasheet>
      <fields>
        <field name="Link">https://www.direnc.net/0r-1206-kilif-direnc-100-adet</field>
      </fields>
      <libsource lib="Device" part="R_Small_US" description="Resistor, small US symbol"/>
      <sheetpath names="/" tstamps="/"/>
      <tstamp>6744646B</tstamp>
    </comp>
    <comp ref="J6">
      <value>Screw_Terminal_01x02</value>
      <footprint>Connector_Phoenix_MC_HighVoltage:PhoenixContact_MC_1,5_2-G-5.08_1x02_P5.08mm_Horizontal</footprint>
      <datasheet>~</datasheet>
      <fields>
        <field name="Link">https://www.direnc.net/2-pin-508mm-90-erkek-gecmeli-yesil-klemens-1</field>
      </fields>
      <libsource lib="Connector" part="Screw_Terminal_01x02" description="Generic screw terminal, single row, 01x02, script generated (kicad-library-utils/schlib/autogen/connector/)"/>
      <sheetpath names="/" tstamps="/"/>
      <tstamp>6746F128</tstamp>
    </comp>
    <comp ref="R30">
      <value>120R</value>
      <footprint>Resistor_SMD:R_1206_3216Metric</footprint>
      <datasheet>~</datasheet>
      <fields>
        <field name="Link">https://www.direnc.net/120r-1206-kilif-direnc-100-adet</field>
      </fields>
      <libsource lib="Device" part="R_Small_US" description="Resistor, small US symbol"/>
      <sheetpath names="/" tstamps="/"/>
      <tstamp>67676ED3</tstamp>
    </comp>
    <comp ref="U14">
      <value>MINI_BUTTON</value>
      <footprint>User_Footprint:4_PIN_SMD_BUTTON</footprint>
      <fields>
        <field name="Link">https://www.direnc.net/6x6-45mm-tach-buton-4-bacak?language=tr&amp;h=4852c7fb&amp;srsltid=AfmBOoo9S-giNa7vSa8goz7hm68cIfZQ8bp-UJZW_OZ5O-jvYQZcnhEpmb8</field>
      </fields>
      <libsource lib="User_Libraries" part="MINI_BUTTON" description=""/>
      <sheetpath names="/" tstamps="/"/>
      <tstamp>6766AE21</tstamp>
    </comp>
    <comp ref="R31">
      <value>10K 1/4W</value>
      <footprint>Resistor_SMD:R_1206_3216Metric</footprint>
      <datasheet>~</datasheet>
      <fields>
        <field name="Link">https://www.direnc.net/10k-1206-kilif-direnc-100-adet</field>
      </fields>
      <libsource lib="Device" part="R_Small_US" description="Resistor, small US symbol"/>
      <sheetpath names="/" tstamps="/"/>
      <tstamp>67704725</tstamp>
    </comp>
    <comp ref="C16">
      <value>100nF-16V</value>
      <footprint>Capacitor_SMD:C_0603_1608Metric</footprint>
      <datasheet>~</datasheet>
      <fields>
        <field name="Link">https://www.ozdisan.com/pasif-komponentler/kondansatorler/smd-kondansatorler-mlcc/CL10B104KO8WPNC?srsltid=AfmBOorD8I4dg25tyjDcL4EUf4tP3k2-qbXghSv1scdeMYV-hiYmw1WK</field>
      </fields>
      <libsource lib="Device" part="C_Small" description="Unpolarized capacitor, small symbol"/>
      <sheetpath names="/" tstamps="/"/>
      <tstamp>6774A261</tstamp>
    </comp>
    <comp ref="R32">
      <value>120R</value>
      <footprint>Resistor_SMD:R_1206_3216Metric</footprint>
      <datasheet>~</datasheet>
      <fields>
        <field name="Link">https://www.direnc.net/120r-1206-kilif-direnc-100-adet</field>
      </fields>
      <libsource lib="Device" part="R_Small_US" description="Resistor, small US symbol"/>
      <sheetpath names="/" tstamps="/"/>
      <tstamp>677A19C0</tstamp>
    </comp>
    <comp ref="U15">
      <value>MINI_BUTTON</value>
      <footprint>User_Footprint:4_PIN_SMD_BUTTON</footprint>
      <fields>
        <field name="Link">https://www.direnc.net/6x6-45mm-tach-buton-4-bacak?language=tr&amp;h=4852c7fb&amp;srsltid=AfmBOoo9S-giNa7vSa8goz7hm68cIfZQ8bp-UJZW_OZ5O-jvYQZcnhEpmb8</field>
      </fields>
      <libsource lib="User_Libraries" part="MINI_BUTTON" description=""/>
      <sheetpath names="/" tstamps="/"/>
      <tstamp>677A19C7</tstamp>
    </comp>
    <comp ref="R33">
      <value>10K 1/4W</value>
      <footprint>Resistor_SMD:R_1206_3216Metric</footprint>
      <datasheet>~</datasheet>
      <fields>
        <field name="Link">https://www.direnc.net/10k-1206-kilif-direnc-100-adet</field>
      </fields>
      <libsource lib="Device" part="R_Small_US" description="Resistor, small US symbol"/>
      <sheetpath names="/" tstamps="/"/>
      <tstamp>677A19D1</tstamp>
    </comp>
    <comp ref="C17">
      <value>100nF-16V</value>
      <footprint>Capacitor_SMD:C_0603_1608Metric</footprint>
      <datasheet>~</datasheet>
      <fields>
        <field name="Link">https://www.ozdisan.com/pasif-komponentler/kondansatorler/smd-kondansatorler-mlcc/CL10B104KO8WPNC?srsltid=AfmBOorD8I4dg25tyjDcL4EUf4tP3k2-qbXghSv1scdeMYV-hiYmw1WK</field>
      </fields>
      <libsource lib="Device" part="C_Small" description="Unpolarized capacitor, small symbol"/>
      <sheetpath names="/" tstamps="/"/>
      <tstamp>677A19E1</tstamp>
    </comp>
    <comp ref="R34">
      <value>120R</value>
      <footprint>Resistor_SMD:R_1206_3216Metric</footprint>
      <datasheet>~</datasheet>
      <fields>
        <field name="Link">https://www.direnc.net/120r-1206-kilif-direnc-100-adet</field>
      </fields>
      <libsource lib="Device" part="R_Small_US" description="Resistor, small US symbol"/>
      <sheetpath names="/" tstamps="/"/>
      <tstamp>677B1094</tstamp>
    </comp>
    <comp ref="U16">
      <value>MINI_BUTTON</value>
      <footprint>User_Footprint:4_PIN_SMD_BUTTON</footprint>
      <fields>
        <field name="Link">https://www.direnc.net/6x6-45mm-tach-buton-4-bacak?language=tr&amp;h=4852c7fb&amp;srsltid=AfmBOoo9S-giNa7vSa8goz7hm68cIfZQ8bp-UJZW_OZ5O-jvYQZcnhEpmb8</field>
      </fields>
      <libsource lib="User_Libraries" part="MINI_BUTTON" description=""/>
      <sheetpath names="/" tstamps="/"/>
      <tstamp>677B109B</tstamp>
    </comp>
    <comp ref="R35">
      <value>10K 1/4W</value>
      <footprint>Resistor_SMD:R_1206_3216Metric</footprint>
      <datasheet>~</datasheet>
      <fields>
        <field name="Link">https://www.direnc.net/10k-1206-kilif-direnc-100-adet</field>
      </fields>
      <libsource lib="Device" part="R_Small_US" description="Resistor, small US symbol"/>
      <sheetpath names="/" tstamps="/"/>
      <tstamp>677B10A5</tstamp>
    </comp>
    <comp ref="C18">
      <value>100nF-16V</value>
      <footprint>Capacitor_SMD:C_0603_1608Metric</footprint>
      <datasheet>~</datasheet>
      <fields>
        <field name="Link">https://www.ozdisan.com/pasif-komponentler/kondansatorler/smd-kondansatorler-mlcc/CL10B104KO8WPNC?srsltid=AfmBOorD8I4dg25tyjDcL4EUf4tP3k2-qbXghSv1scdeMYV-hiYmw1WK</field>
      </fields>
      <libsource lib="Device" part="C_Small" description="Unpolarized capacitor, small symbol"/>
      <sheetpath names="/" tstamps="/"/>
      <tstamp>677B10B5</tstamp>
    </comp>
    <comp ref="R36">
      <value>120R</value>
      <footprint>Resistor_SMD:R_1206_3216Metric</footprint>
      <datasheet>~</datasheet>
      <fields>
        <field name="Link">https://www.direnc.net/120r-1206-kilif-direnc-100-adet</field>
      </fields>
      <libsource lib="Device" part="R_Small_US" description="Resistor, small US symbol"/>
      <sheetpath names="/" tstamps="/"/>
      <tstamp>677B10C7</tstamp>
    </comp>
    <comp ref="U17">
      <value>MINI_BUTTON</value>
      <footprint>User_Footprint:4_PIN_SMD_BUTTON</footprint>
      <fields>
        <field name="Link">https://www.direnc.net/6x6-45mm-tach-buton-4-bacak?language=tr&amp;h=4852c7fb&amp;srsltid=AfmBOoo9S-giNa7vSa8goz7hm68cIfZQ8bp-UJZW_OZ5O-jvYQZcnhEpmb8</field>
      </fields>
      <libsource lib="User_Libraries" part="MINI_BUTTON" description=""/>
      <sheetpath names="/" tstamps="/"/>
      <tstamp>677B10CE</tstamp>
    </comp>
    <comp ref="R37">
      <value>10K 1/4W</value>
      <footprint>Resistor_SMD:R_1206_3216Metric</footprint>
      <datasheet>~</datasheet>
      <fields>
        <field name="Link">https://www.direnc.net/10k-1206-kilif-direnc-100-adet</field>
      </fields>
      <libsource lib="Device" part="R_Small_US" description="Resistor, small US symbol"/>
      <sheetpath names="/" tstamps="/"/>
      <tstamp>677B10D8</tstamp>
    </comp>
    <comp ref="C19">
      <value>100nF-16V</value>
      <footprint>Capacitor_SMD:C_0603_1608Metric</footprint>
      <datasheet>~</datasheet>
      <fields>
        <field name="Link">https://www.ozdisan.com/pasif-komponentler/kondansatorler/smd-kondansatorler-mlcc/CL10B104KO8WPNC?srsltid=AfmBOorD8I4dg25tyjDcL4EUf4tP3k2-qbXghSv1scdeMYV-hiYmw1WK</field>
      </fields>
      <libsource lib="Device" part="C_Small" description="Unpolarized capacitor, small symbol"/>
      <sheetpath names="/" tstamps="/"/>
      <tstamp>677B10E8</tstamp>
    </comp>
    <comp ref="U9">
      <value>LM1117-3.3</value>
      <footprint>Package_TO_SOT_SMD:SOT-223</footprint>
      <fields>
        <field name="Link">https://www.direnc.net/lm1117-smd-3v3-dogrusal-voltaj-regulatoru-sot-223-4</field>
      </fields>
      <libsource lib="Regulator_Linear" part="LM1117-3.3" description="800mA Low-Dropout Linear Regulator, 3.3V fixed output, TO-220/TO-252/TO-263/SOT-223"/>
      <sheetpath names="/" tstamps="/"/>
      <tstamp>67817E92</tstamp>
    </comp>
    <comp ref="C20">
      <value>10uF-16V</value>
      <footprint>Capacitor_SMD:C_0805_2012Metric</footprint>
      <datasheet>~</datasheet>
      <fields>
        <field name="Link">https://www.direnc.net/10uf-25v-10-x5r-805-smd-kondansator-13545?language=tr&amp;h=4465b1ad&amp;gad_source=4&amp;gclid=Cj0KCQjwmt24BhDPARIsAJFYKk2OzLNDxP8kSjvQiBbfggCoNuGoFHuQr9YQfAb3UNlXfUnREVkgD34aAhpzEALw_wcB</field>
      </fields>
      <libsource lib="Device" part="C_Small" description="Unpolarized capacitor, small symbol"/>
      <sheetpath names="/" tstamps="/"/>
      <tstamp>678222BB</tstamp>
    </comp>
    <comp ref="R10">
      <value>0R</value>
      <footprint>Resistor_SMD:R_1206_3216Metric</footprint>
      <datasheet>~</datasheet>
      <fields>
        <field name="Link">https://www.direnc.net/0r-1206-kilif-direnc-100-adet</field>
      </fields>
      <libsource lib="Device" part="R_Small_US" description="Resistor, small US symbol"/>
      <sheetpath names="/" tstamps="/"/>
      <tstamp>679B5169</tstamp>
    </comp>
    <comp ref="R11">
      <value>0R</value>
      <footprint>Resistor_SMD:R_1206_3216Metric</footprint>
      <datasheet>~</datasheet>
      <fields>
        <field name="Link">https://www.direnc.net/0r-1206-kilif-direnc-100-adet</field>
      </fields>
      <libsource lib="Device" part="R_Small_US" description="Resistor, small US symbol"/>
      <sheetpath names="/" tstamps="/"/>
      <tstamp>67A9178C</tstamp>
    </comp>
    <comp ref="R8">
      <value>0R</value>
      <footprint>Resistor_SMD:R_1206_3216Metric</footprint>
      <datasheet>~</datasheet>
      <fields>
        <field name="Link">https://www.direnc.net/0r-1206-kilif-direnc-100-adet</field>
      </fields>
      <libsource lib="Device" part="R_Small_US" description="Resistor, small US symbol"/>
      <sheetpath names="/" tstamps="/"/>
      <tstamp>67A91FAE</tstamp>
    </comp>
    <comp ref="R9">
      <value>0R</value>
      <footprint>Resistor_SMD:R_1206_3216Metric</footprint>
      <datasheet>~</datasheet>
      <fields>
        <field name="Link">https://www.direnc.net/0r-1206-kilif-direnc-100-adet</field>
      </fields>
      <libsource lib="Device" part="R_Small_US" description="Resistor, small US symbol"/>
      <sheetpath names="/" tstamps="/"/>
      <tstamp>67A924AB</tstamp>
    </comp>
    <comp ref="U3">
      <value>ESP32-WROOM-32U</value>
      <footprint>RF_Module:ESP32-WROOM-32U</footprint>
      <datasheet>https://www.espressif.com/sites/default/files/documentation/esp32-wroom-32d_esp32-wroom-32u_datasheet_en.pdf</datasheet>
      <fields>
        <field name="Link">https://www.direnc.net/esp32-wroom-32u-wifi-modul?language=tr&amp;h=3c03bfc5&amp;gad_source=4&amp;gclid=Cj0KCQjwveK4BhD4ARIsAKy6pMKI9VcSc4Bw2Iul6CM9rfFHHfdLSe6TLJ-cpUwdGcBQ451Coq_W4gUaAtLKEALw_wcB</field>
      </fields>
      <libsource lib="RF_Module" part="ESP32-WROOM-32U" description="RF Module, ESP32-D0WD SoC, Wi-Fi 802.11b/g/n, Bluetooth, BLE, 32-bit, 2.7-3.6V, external antenna, SMD"/>
      <sheetpath names="/" tstamps="/"/>
      <tstamp>67DEE459</tstamp>
    </comp>
    <comp ref="R7">
      <value>4K7</value>
      <footprint>Resistor_SMD:R_1206_3216Metric</footprint>
      <datasheet>~</datasheet>
      <fields>
        <field name="Link">https://www.direnc.net/47k-1206-kilif-direnc-100-adet-1?language=tr&amp;h=be526bbc&amp;gad_source=4&amp;gclid=Cj0KCQjwveK4BhD4ARIsAKy6pMITl8o3HSqT5Jz21Yosk7YfkMooNdUKG7CO2ch9QBc9bPpTuA1rHPIaAu3kEALw_wcB</field>
      </fields>
      <libsource lib="Device" part="R_Small_US" description="Resistor, small US symbol"/>
      <sheetpath names="/" tstamps="/"/>
      <tstamp>6820C492</tstamp>
    </comp>
    <comp ref="R6">
      <value>4K7</value>
      <footprint>Resistor_SMD:R_1206_3216Metric</footprint>
      <datasheet>~</datasheet>
      <fields>
        <field name="Link">https://www.direnc.net/47k-1206-kilif-direnc-100-adet-1?language=tr&amp;h=be526bbc&amp;gad_source=4&amp;gclid=Cj0KCQjwveK4BhD4ARIsAKy6pMITl8o3HSqT5Jz21Yosk7YfkMooNdUKG7CO2ch9QBc9bPpTuA1rHPIaAu3kEALw_wcB</field>
      </fields>
      <libsource lib="Device" part="R_Small_US" description="Resistor, small US symbol"/>
      <sheetpath names="/" tstamps="/"/>
      <tstamp>6820C498</tstamp>
    </comp>
    <comp ref="J10">
      <value>Conn_01x02</value>
      <footprint>Connector_PinHeader_2.54mm:PinHeader_1x02_P2.54mm_Vertical</footprint>
      <datasheet>~</datasheet>
      <fields>
        <field name="Link">https://www.direnc.net/1160mm-10-pin-1x10-254mm-erkek-pin-header</field>
      </fields>
      <libsource lib="Connector_Generic" part="Conn_01x02" description="Generic connector, single row, 01x02, script generated (kicad-library-utils/schlib/autogen/connector/)"/>
      <sheetpath names="/" tstamps="/"/>
      <tstamp>68352BD7</tstamp>
    </comp>
    <comp ref="C10">
      <value>100nF-16V</value>
      <footprint>Capacitor_SMD:C_0603_1608Metric</footprint>
      <datasheet>~</datasheet>
      <fields>
        <field name="Link">https://www.ozdisan.com/pasif-komponentler/kondansatorler/smd-kondansatorler-mlcc/CL10B104KO8WPNC?srsltid=AfmBOorD8I4dg25tyjDcL4EUf4tP3k2-qbXghSv1scdeMYV-hiYmw1WK</field>
      </fields>
      <libsource lib="Device" part="C_Small" description="Unpolarized capacitor, small symbol"/>
      <sheetpath names="/" tstamps="/"/>
      <tstamp>685C2A95</tstamp>
    </comp>
    <comp ref="C11">
      <value>100nF-16V</value>
      <footprint>Capacitor_SMD:C_0603_1608Metric</footprint>
      <datasheet>~</datasheet>
      <fields>
        <field name="Link">https://www.ozdisan.com/pasif-komponentler/kondansatorler/smd-kondansatorler-mlcc/CL10B104KO8WPNC?srsltid=AfmBOorD8I4dg25tyjDcL4EUf4tP3k2-qbXghSv1scdeMYV-hiYmw1WK</field>
      </fields>
      <libsource lib="Device" part="C_Small" description="Unpolarized capacitor, small symbol"/>
      <sheetpath names="/" tstamps="/"/>
      <tstamp>685C3F05</tstamp>
    </comp>
    <comp ref="C9">
      <value>100nF-16V</value>
      <footprint>Capacitor_SMD:C_0603_1608Metric</footprint>
      <datasheet>~</datasheet>
      <fields>
        <field name="Link">https://www.ozdisan.com/pasif-komponentler/kondansatorler/smd-kondansatorler-mlcc/CL10B104KO8WPNC?srsltid=AfmBOorD8I4dg25tyjDcL4EUf4tP3k2-qbXghSv1scdeMYV-hiYmw1WK</field>
      </fields>
      <libsource lib="Device" part="C_Small" description="Unpolarized capacitor, small symbol"/>
      <sheetpath names="/" tstamps="/"/>
      <tstamp>686F63D1</tstamp>
    </comp>
    <comp ref="R5">
      <value>120R</value>
      <footprint>Resistor_SMD:R_1206_3216Metric</footprint>
      <datasheet>~</datasheet>
      <fields>
        <field name="Link">https://www.direnc.net/120r-1206-kilif-direnc-100-adet</field>
      </fields>
      <libsource lib="Device" part="R_Small_US" description="Resistor, small US symbol"/>
      <sheetpath names="/" tstamps="/"/>
      <tstamp>687FA287</tstamp>
    </comp>
    <comp ref="SW1">
      <value>SW_SPDT</value>
      <footprint>nora_footprint:SW_MINI-SPDT-SW</footprint>
      <datasheet>~</datasheet>
      <fields>
        <field name="Link">https://www.direnc.net/3-pin-spdt-mini-on-off-switch-180</field>
      </fields>
      <libsource lib="Switch" part="SW_SPDT" description="Switch, single pole double throw"/>
      <sheetpath names="/" tstamps="/"/>
      <tstamp>69EAEC14</tstamp>
    </comp>
    <comp ref="R12">
      <value>330R</value>
      <footprint>Resistor_SMD:R_1206_3216Metric</footprint>
      <datasheet>~</datasheet>
      <fields>
        <field name="Link">https://www.direnc.net/330r-1206-kilif-direnc-100-adet</field>
      </fields>
      <libsource lib="Device" part="R_Small_US" description="Resistor, small US symbol"/>
      <sheetpath names="/" tstamps="/"/>
      <tstamp>67121974</tstamp>
    </comp>
    <comp ref="C1">
      <value>100uF-50V</value>
      <footprint>Capacitor_SMD:CP_Elec_8x10</footprint>
      <datasheet>~</datasheet>
      <fields>
        <field name="Link">https://www.direnc.net/100uf50v-7x10-smd?language=tr&amp;h=9e593fd0&amp;gad_source=4&amp;gclid=Cj0KCQjwmt24BhDPARIsAJFYKk2rG8bsQ1e3eGPPzZfz_VWQ5C4FHSVa8yPnnw5JS5mRQWxwF5DETXAaAjEHEALw_wcB</field>
      </fields>
      <libsource lib="Device" part="CP1_Small" description="Polarized capacitor, small US symbol"/>
      <sheetpath names="/" tstamps="/"/>
      <tstamp>67592604</tstamp>
    </comp>
    <comp ref="C2">
      <value>100nF-50V</value>
      <footprint>Capacitor_SMD:C_0805_2012Metric</footprint>
      <datasheet>~</datasheet>
      <fields>
        <field name="Link">https://www.direnc.net/100nf50v-805-kilif</field>
      </fields>
      <libsource lib="Device" part="C_Small" description="Unpolarized capacitor, small symbol"/>
      <sheetpath names="/" tstamps="/"/>
      <tstamp>675D7AD2</tstamp>
    </comp>
    <comp ref="RV1">
      <value>50K</value>
      <footprint>User_Footprint:TRIM_3296W-1-250</footprint>
      <datasheet>~</datasheet>
      <fields>
        <field name="Link">https://www.komponentci.net/50k-trimpot-3296-w503-dik-cok-turlu-pmu7448?gad_source=4&amp;gclid=Cj0KCQjwmt24BhDPARIsAJFYKk2HwSMoX5QgyAwie1Jvw6sGRUDDPTktw4kJqZdZGZbHKaOUXCU05-saAv9bEALw_wcB</field>
      </fields>
      <libsource lib="Device" part="R_POT" description="Potentiometer"/>
      <sheetpath names="/" tstamps="/"/>
      <tstamp>6769C77B</tstamp>
    </comp>
    <comp ref="U2">
      <value>LM2596S-ADJ</value>
      <footprint>nora_footprint:LM2596</footprint>
      <fields>
        <field name="Link">https://www.direnc.net/lm2596-adj-smd-d2pak--75a-switching-regulator-173khz-switching-freq-max?language=tr&amp;h=c576ffaa&amp;gad_source=4&amp;gclid=Cj0KCQjwveK4BhD4ARIsAKy6pMIk7miTu5NzjvnLP-BpsxNm4uDji7TDv2Bf12fvxfDbpsXSiBS5QuMaAtMYEALw_wcB</field>
      </fields>
      <libsource lib="User_Libraries" part="LM2596-ADJ" description=""/>
      <sheetpath names="/" tstamps="/"/>
      <tstamp>677ABE0E</tstamp>
    </comp>
    <comp ref="R0">
      <value>1K2</value>
      <footprint>Resistor_SMD:R_0805_2012Metric</footprint>
      <datasheet>~</datasheet>
      <fields>
        <field name="Link">https://www.direnc.net/22r-805-18-smd-direnc-11710</field>
      </fields>
      <libsource lib="Device" part="R_Small_US" description="Resistor, small US symbol"/>
      <sheetpath names="/" tstamps="/"/>
      <tstamp>6791605A</tstamp>
    </comp>
    <comp ref="C3">
      <value>220uF-63V</value>
      <footprint>Capacitor_SMD:CP_Elec_10x10</footprint>
      <datasheet>~</datasheet>
      <fields>
        <field name="Link">https://www.direnc.net/220uf-50v-10x10-2000hrs-105c-smd-elektrolitik-kondansator?language=tr&amp;h=bdb58001&amp;gad_source=4&amp;gclid=Cj0KCQjwmt24BhDPARIsAJFYKk2lUB6Uqw0-8w0G9kVM3KeGwericlLszVzd3-sqOW9XGN7FVSRih5waAgNaEALw_wcB</field>
      </fields>
      <libsource lib="Device" part="CP1_Small" description="Polarized capacitor, small US symbol"/>
      <sheetpath names="/" tstamps="/"/>
      <tstamp>679BD646</tstamp>
    </comp>
    <comp ref="C4">
      <value>100nF-50V</value>
      <footprint>Capacitor_SMD:C_0805_2012Metric</footprint>
      <datasheet>~</datasheet>
      <fields>
        <field name="Link">https://www.direnc.net/100nf50v-805-kilif</field>
      </fields>
      <libsource lib="Device" part="C_Small" description="Unpolarized capacitor, small symbol"/>
      <sheetpath names="/" tstamps="/"/>
      <tstamp>67BE939C</tstamp>
    </comp>
    <comp ref="D3">
      <value>SS34</value>
      <footprint>Diode_SMD:D_SMC</footprint>
      <datasheet>~</datasheet>
      <fields>
        <field name="Link">https://www.direnc.net/ss34-ht-3a-40v-schottky-diyot?language=tr&amp;h=60ecfca2&amp;gad_source=4&amp;gclid=Cj0KCQjwmt24BhDPARIsAJFYKk2R8RXAqGXfSLJvR7NgDQGlWCk9SYd82VIX2a_zPYy47p_ny3wEEtkaAh6hEALw_wcB</field>
      </fields>
      <libsource lib="Device" part="D_Schottky_Small" description="Schottky diode, small symbol"/>
      <sheetpath names="/" tstamps="/"/>
      <tstamp>67DA2E5B</tstamp>
    </comp>
    <comp ref="R1">
      <value>270R</value>
      <footprint>Resistor_SMD:R_1206_3216Metric</footprint>
      <datasheet>~</datasheet>
      <fields>
        <field name="Link">https://www.direnc.net/270r-1206-kilif-direnc-100-adet</field>
      </fields>
      <libsource lib="Device" part="R_Small_US" description="Resistor, small US symbol"/>
      <sheetpath names="/" tstamps="/"/>
      <tstamp>67EEF3DE</tstamp>
    </comp>
    <comp ref="D2">
      <value>LED</value>
      <footprint>LED_SMD:LED_1206_3216Metric</footprint>
      <datasheet>~</datasheet>
      <fields>
        <field name="Link">https://www.direnc.net/yesil-1206-led</field>
      </fields>
      <libsource lib="Device" part="LED" description="Light emitting diode"/>
      <sheetpath names="/" tstamps="/"/>
      <tstamp>67F169FC</tstamp>
    </comp>
    <comp ref="J9">
      <value>Conn_01x02</value>
      <footprint>Connector_PinHeader_2.54mm:PinHeader_1x02_P2.54mm_Vertical</footprint>
      <datasheet>~</datasheet>
      <fields>
        <field name="Link">https://www.direnc.net/1160mm-10-pin-1x10-254mm-erkek-pin-header</field>
      </fields>
      <libsource lib="Connector_Generic" part="Conn_01x02" description="Generic connector, single row, 01x02, script generated (kicad-library-utils/schlib/autogen/connector/)"/>
      <sheetpath names="/" tstamps="/"/>
      <tstamp>68179D4B</tstamp>
    </comp>
    <comp ref="J7">
      <value>Barrel_Jack</value>
      <footprint>User_Footprint:BARREL_JACK</footprint>
      <datasheet>~</datasheet>
      <fields>
        <field name="Link">https://www.robotistan.com/dc-barrel-disi-guc-jaki-2?language=tr&amp;h=6691337a</field>
      </fields>
      <libsource lib="Connector" part="Barrel_Jack" description="DC Barrel Jack"/>
      <sheetpath names="/" tstamps="/"/>
      <tstamp>6766D71D</tstamp>
    </comp>
    <comp ref="R14">
      <value>10K 1/4W</value>
      <footprint>Resistor_SMD:R_1206_3216Metric</footprint>
      <datasheet>~</datasheet>
      <fields>
        <field name="Link">https://www.direnc.net/10k-1206-kilif-direnc-100-adet</field>
      </fields>
      <libsource lib="Device" part="R_Small_US" description="Resistor, small US symbol"/>
      <sheetpath names="/" tstamps="/"/>
      <tstamp>6717DB5B</tstamp>
    </comp>
    <comp ref="U8">
      <value>ALQ124A01</value>
      <footprint>nora_footprint:ALQ124</footprint>
      <fields>
        <field name="Link">https://ozdisan.com/elektromekanik-komponentler/role-role-soketleri/genel-tip-roleler/ALQ124A01?srsltid=AfmBOoqp9sxQCETokOL2di7RZM9-16GWhUejUsj9HnZqPlVQaBuokfpN</field>
      </fields>
      <libsource lib="User_Libraries" part="ALQ124" description=""/>
      <sheetpath names="/" tstamps="/"/>
      <tstamp>6732454D</tstamp>
    </comp>
    <comp ref="R26">
      <value>220R</value>
      <footprint>Resistor_SMD:R_1206_3216Metric</footprint>
      <datasheet>~</datasheet>
      <fields>
        <field name="Link">https://www.direnc.net/220r-1206-kilif-direnc-100-adet?language=tr&amp;h=dfe1b5a5&amp;gad_source=4&amp;gclid=Cj0KCQjwveK4BhD4ARIsAKy6pMK-msVTtB83Cl8pYx82SV-73jc70nO7cJWXX9K1qvUnAaFRhoXcvQUaAlMfEALw_wcB</field>
      </fields>
      <libsource lib="Device" part="R_Small_US" description="Resistor, small US symbol"/>
      <sheetpath names="/" tstamps="/"/>
      <tstamp>67B67CDA</tstamp>
    </comp>
    <comp ref="R24">
      <value>220R</value>
      <footprint>Resistor_SMD:R_1206_3216Metric</footprint>
      <datasheet>~</datasheet>
      <fields>
        <field name="Link">https://www.direnc.net/220r-1206-kilif-direnc-100-adet?language=tr&amp;h=dfe1b5a5&amp;gad_source=4&amp;gclid=Cj0KCQjwveK4BhD4ARIsAKy6pMK-msVTtB83Cl8pYx82SV-73jc70nO7cJWXX9K1qvUnAaFRhoXcvQUaAlMfEALw_wcB</field>
      </fields>
      <libsource lib="Device" part="R_Small_US" description="Resistor, small US symbol"/>
      <sheetpath names="/" tstamps="/"/>
      <tstamp>672C8EF3</tstamp>
    </comp>
    <comp ref="C13">
      <value>100nF-16V</value>
      <footprint>Capacitor_SMD:C_0603_1608Metric</footprint>
      <datasheet>~</datasheet>
      <fields>
        <field name="Link">https://www.ozdisan.com/pasif-komponentler/kondansatorler/smd-kondansatorler-mlcc/CL10B104KO8WPNC?srsltid=AfmBOorD8I4dg25tyjDcL4EUf4tP3k2-qbXghSv1scdeMYV-hiYmw1WK</field>
      </fields>
      <libsource lib="Device" part="C_Small" description="Unpolarized capacitor, small symbol"/>
      <sheetpath names="/" tstamps="/"/>
      <tstamp>671D39E2</tstamp>
    </comp>
    <comp ref="J2">
      <value>Screw_Terminal_01x03</value>
      <footprint>Connector_Phoenix_MC_HighVoltage:PhoenixContact_MC_1,5_3-G-5.08_1x03_P5.08mm_Horizontal</footprint>
      <datasheet>~</datasheet>
      <fields>
        <field name="Link">https://www.direnc.net/3-pin-508mm-disi-gecmeli-klemens</field>
      </fields>
      <libsource lib="Connector" part="Screw_Terminal_01x03" description="Generic screw terminal, single row, 01x03, script generated (kicad-library-utils/schlib/autogen/connector/)"/>
      <sheetpath names="/" tstamps="/"/>
      <tstamp>671D0AC6</tstamp>
    </comp>
    <comp ref="U1">
      <value>LM358</value>
      <footprint>Package_SO:SOIC-8_3.9x4.9mm_P1.27mm</footprint>
      <fields>
        <field name="Link">https://www.direnc.net/lm358-smd-single-supply-dual-operational-amplifiers?language=tr&amp;h=c0482576&amp;gad_source=4&amp;gclid=Cj0KCQjwveK4BhD4ARIsAKy6pMLwLKcAddfYTD-25Wzii-YVzOzwAqcfLk8Hth1XStyOdq42hOZQgskaAmYYEALw_wcB</field>
      </fields>
      <libsource lib="Amplifier_Operational" part="LM358" description="Low-Power, Dual Operational Amplifiers, DIP-8/SOIC-8/TO-99-8"/>
      <sheetpath names="/" tstamps="/"/>
      <tstamp>671CE740</tstamp>
    </comp>
    <comp ref="R20">
      <value>220R</value>
      <footprint>Resistor_SMD:R_1206_3216Metric</footprint>
      <datasheet>~</datasheet>
      <fields>
        <field name="Link">https://www.direnc.net/220r-1206-kilif-direnc-100-adet?language=tr&amp;h=dfe1b5a5&amp;gad_source=4&amp;gclid=Cj0KCQjwveK4BhD4ARIsAKy6pMK-msVTtB83Cl8pYx82SV-73jc70nO7cJWXX9K1qvUnAaFRhoXcvQUaAlMfEALw_wcB</field>
      </fields>
      <libsource lib="Device" part="R_Small_US" description="Resistor, small US symbol"/>
      <sheetpath names="/" tstamps="/"/>
      <tstamp>671EA903</tstamp>
    </comp>
    <comp ref="J11">
      <value>Conn_01x05</value>
      <footprint>Connector_PinHeader_2.54mm:PinHeader_1x05_P2.54mm_Vertical</footprint>
      <datasheet>~</datasheet>
      <fields>
        <field name="Link">https://www.direnc.net/1160mm-10-pin-1x10-254mm-erkek-pin-header</field>
      </fields>
      <libsource lib="Connector_Generic" part="Conn_01x05" description="Generic connector, single row, 01x05, script generated (kicad-library-utils/schlib/autogen/connector/)"/>
      <sheetpath names="/" tstamps="/"/>
      <tstamp>687DC51D</tstamp>
    </comp>
    <comp ref="J3">
      <value>Screw_Terminal_01x02</value>
      <footprint>Connector_Phoenix_MC_HighVoltage:PhoenixContact_MC_1,5_2-G-5.08_1x02_P5.08mm_Horizontal</footprint>
      <datasheet>~</datasheet>
      <fields>
        <field name="Link">https://www.direnc.net/2-pin-508mm-90-erkek-gecmeli-yesil-klemens-1</field>
      </fields>
      <libsource lib="Connector" part="Screw_Terminal_01x02" description="Generic screw terminal, single row, 01x02, script generated (kicad-library-utils/schlib/autogen/connector/)"/>
      <sheetpath names="/" tstamps="/"/>
      <tstamp>672EE28E</tstamp>
    </comp>
    <comp ref="R23">
      <value>10K 1/4W</value>
      <footprint>Resistor_SMD:R_1206_3216Metric</footprint>
      <datasheet>~</datasheet>
      <fields>
        <field name="Link">https://www.direnc.net/10k-1206-kilif-direnc-100-adet</field>
      </fields>
      <libsource lib="Device" part="R_Small_US" description="Resistor, small US symbol"/>
      <sheetpath names="/" tstamps="/"/>
      <tstamp>672EF075</tstamp>
    </comp>
    <comp ref="C21">
      <value>10uF-16V</value>
      <footprint>Capacitor_SMD:C_0805_2012Metric</footprint>
      <datasheet>~</datasheet>
      <fields>
        <field name="Link">https://www.direnc.net/10uf-25v-10-x5r-805-smd-kondansator-13545?language=tr&amp;h=4465b1ad&amp;gad_source=4&amp;gclid=Cj0KCQjwmt24BhDPARIsAJFYKk2OzLNDxP8kSjvQiBbfggCoNuGoFHuQr9YQfAb3UNlXfUnREVkgD34aAhpzEALw_wcB</field>
      </fields>
      <libsource lib="Device" part="C_Small" description="Unpolarized capacitor, small symbol"/>
      <sheetpath names="/" tstamps="/"/>
      <tstamp>68C4B707</tstamp>
    </comp>
    <comp ref="U6">
      <value>CH340G</value>
      <footprint>User_Footprint:CH340G</footprint>
      <datasheet>http://www.datasheet5.com/pdf-local-2195953</datasheet>
      <fields>
        <field name="Link">https://robolinkmarket.com/ch340g-sop-16?srsltid=AfmBOop0i9f68osewH-JaO7uQzQfSR4kU-1TyJTq491bt6xOF6t8AEdbX1k</field>
      </fields>
      <libsource lib="Interface_USB" part="CH340G" description="USB serial converter, UART, SOIC-16"/>
      <sheetpath names="/" tstamps="/"/>
      <tstamp>671B1337</tstamp>
    </comp>
    <comp ref="C5">
      <value>100nF-16V</value>
      <footprint>Capacitor_SMD:C_0603_1608Metric</footprint>
      <datasheet>~</datasheet>
      <fields>
        <field name="Link">https://www.ozdisan.com/pasif-komponentler/kondansatorler/smd-kondansatorler-mlcc/CL10B104KO8WPNC?srsltid=AfmBOorD8I4dg25tyjDcL4EUf4tP3k2-qbXghSv1scdeMYV-hiYmw1WK</field>
      </fields>
      <libsource lib="Device" part="C_Small" description="Unpolarized capacitor, small symbol"/>
      <sheetpath names="/" tstamps="/"/>
      <tstamp>6731E77E</tstamp>
    </comp>
    <comp ref="C6">
      <value>100nF-16V</value>
      <footprint>Capacitor_SMD:C_0603_1608Metric</footprint>
      <datasheet>~</datasheet>
      <fields>
        <field name="Link">https://www.ozdisan.com/pasif-komponentler/kondansatorler/smd-kondansatorler-mlcc/CL10B104KO8WPNC?srsltid=AfmBOorD8I4dg25tyjDcL4EUf4tP3k2-qbXghSv1scdeMYV-hiYmw1WK</field>
      </fields>
      <libsource lib="Device" part="C_Small" description="Unpolarized capacitor, small symbol"/>
      <sheetpath names="/" tstamps="/"/>
      <tstamp>673DE45D</tstamp>
    </comp>
    <comp ref="Y1">
      <value>12MHz</value>
      <footprint>Crystal:Crystal_SMD_HC49-SD</footprint>
      <datasheet>~</datasheet>
      <fields>
        <field name="Link">https://www.direnc.net/12000mhz-smd-kristal-hc-49us?language=tr&amp;h=3188a895&amp;gad_source=4&amp;gclid=Cj0KCQjwveK4BhD4ARIsAKy6pMLp3uF-NzfhYVTy4ZOi9TaEFEW4Qeu3-4L3NlDHF4yUnJAqqrPwkvUaAjcvEALw_wcB</field>
      </fields>
      <libsource lib="Device" part="Crystal" description="Two pin crystal"/>
      <sheetpath names="/" tstamps="/"/>
      <tstamp>67623D74</tstamp>
    </comp>
    <comp ref="C8">
      <value>22pF</value>
      <footprint>Capacitor_SMD:C_0805_2012Metric</footprint>
      <datasheet>~</datasheet>
      <fields>
        <field name="Link">https://www.direnc.net/22pf-50v-5-npo-805-smd-kondansator-en</field>
      </fields>
      <libsource lib="Device" part="C_Small" description="Unpolarized capacitor, small symbol"/>
      <sheetpath names="/" tstamps="/"/>
      <tstamp>67624B1B</tstamp>
    </comp>
    <comp ref="C7">
      <value>22pF</value>
      <footprint>Capacitor_SMD:C_0805_2012Metric</footprint>
      <datasheet>~</datasheet>
      <fields>
        <field name="Link">https://www.direnc.net/22pf-50v-5-npo-805-smd-kondansator-en</field>
      </fields>
      <libsource lib="Device" part="C_Small" description="Unpolarized capacitor, small symbol"/>
      <sheetpath names="/" tstamps="/"/>
      <tstamp>6762595A</tstamp>
    </comp>
    <comp ref="R2">
      <value>10K 1/4W</value>
      <footprint>Resistor_SMD:R_1206_3216Metric</footprint>
      <datasheet>~</datasheet>
      <fields>
        <field name="Link">https://www.direnc.net/10k-1206-kilif-direnc-100-adet</field>
      </fields>
      <libsource lib="Device" part="R_Small_US" description="Resistor, small US symbol"/>
      <sheetpath names="/" tstamps="/"/>
      <tstamp>678C4720</tstamp>
    </comp>
    <comp ref="Q1">
      <value>BC847</value>
      <footprint>Package_TO_SOT_SMD:SOT-23</footprint>
      <datasheet>http://www.infineon.com/dgdl/Infineon-BC847SERIES_BC848SERIES_BC849SERIES_BC850SERIES-DS-v01_01-en.pdf?fileId=db3a304314dca389011541d4630a1657</datasheet>
      <fields>
        <field name="Link">https://www.direnc.net/bc847-transistor-npn-smd-sot-23</field>
      </fields>
      <libsource lib="Transistor_BJT" part="BC847" description="0.1A Ic, 45V Vce, NPN Transistor, SOT-23"/>
      <sheetpath names="/" tstamps="/"/>
      <tstamp>678C678B</tstamp>
    </comp>
    <comp ref="Q2">
      <value>BC847</value>
      <footprint>Package_TO_SOT_SMD:SOT-23</footprint>
      <datasheet>http://www.infineon.com/dgdl/Infineon-BC847SERIES_BC848SERIES_BC849SERIES_BC850SERIES-DS-v01_01-en.pdf?fileId=db3a304314dca389011541d4630a1657</datasheet>
      <fields>
        <field name="Link">https://www.direnc.net/bc847-transistor-npn-smd-sot-23</field>
      </fields>
      <libsource lib="Transistor_BJT" part="BC847" description="0.1A Ic, 45V Vce, NPN Transistor, SOT-23"/>
      <sheetpath names="/" tstamps="/"/>
      <tstamp>678C7287</tstamp>
    </comp>
    <comp ref="R3">
      <value>10K 1/4W</value>
      <footprint>Resistor_SMD:R_1206_3216Metric</footprint>
      <datasheet>~</datasheet>
      <fields>
        <field name="Link">https://www.direnc.net/10k-1206-kilif-direnc-100-adet</field>
      </fields>
      <libsource lib="Device" part="R_Small_US" description="Resistor, small US symbol"/>
      <sheetpath names="/" tstamps="/"/>
      <tstamp>6791BF77</tstamp>
    </comp>
    <comp ref="R4">
      <value>10K 1/4W</value>
      <footprint>Resistor_SMD:R_1206_3216Metric</footprint>
      <datasheet>~</datasheet>
      <fields>
        <field name="Link">https://www.direnc.net/10k-1206-kilif-direnc-100-adet</field>
      </fields>
      <libsource lib="Device" part="R_Small_US" description="Resistor, small US symbol"/>
      <sheetpath names="/" tstamps="/"/>
      <tstamp>6854929F</tstamp>
    </comp>
    <comp ref="U18">
      <value>MINI_BUTTON</value>
      <footprint>User_Footprint:4_PIN_SMD_BUTTON</footprint>
      <fields>
        <field name="Link">https://www.direnc.net/6x6-45mm-tach-buton-4-bacak?language=tr&amp;h=4852c7fb&amp;srsltid=AfmBOoo9S-giNa7vSa8goz7hm68cIfZQ8bp-UJZW_OZ5O-jvYQZcnhEpmb8</field>
      </fields>
      <libsource lib="User_Libraries" part="MINI_BUTTON" description=""/>
      <sheetpath names="/" tstamps="/"/>
      <tstamp>67E953AB</tstamp>
    </comp>
    <comp ref="J5">
      <value>Screw_Terminal_01x03</value>
      <footprint>Connector_Phoenix_MC_HighVoltage:PhoenixContact_MC_1,5_3-G-5.08_1x03_P5.08mm_Horizontal</footprint>
      <datasheet>~</datasheet>
      <fields>
        <field name="Link">https://www.direnc.net/3-pin-508mm-disi-gecmeli-klemens</field>
      </fields>
      <libsource lib="Connector" part="Screw_Terminal_01x03" description="Generic screw terminal, single row, 01x03, script generated (kicad-library-utils/schlib/autogen/connector/)"/>
      <sheetpath names="/" tstamps="/"/>
      <tstamp>6738A9CC</tstamp>
    </comp>
    <comp ref="J13">
      <value>Conn_01x06</value>
      <footprint>Connector_PinHeader_2.54mm:PinHeader_1x06_P2.54mm_Vertical</footprint>
      <datasheet>~</datasheet>
      <libsource lib="Connector_Generic" part="Conn_01x06" description="Generic connector, single row, 01x06, script generated (kicad-library-utils/schlib/autogen/connector/)"/>
      <sheetpath names="/" tstamps="/"/>
      <tstamp>67335A1D</tstamp>
    </comp>
    <comp ref="J12">
      <value>Conn_01x04</value>
      <footprint>Connector_PinHeader_2.54mm:PinHeader_1x04_P2.54mm_Vertical</footprint>
      <datasheet>~</datasheet>
      <libsource lib="Connector_Generic" part="Conn_01x04" description="Generic connector, single row, 01x04, script generated (kicad-library-utils/schlib/autogen/connector/)"/>
      <sheetpath names="/" tstamps="/"/>
      <tstamp>674C459D</tstamp>
    </comp>
    <comp ref="J8">
      <value>USB_B_Micro</value>
      <footprint>User_Footprint:USB_MICRO_B</footprint>
      <datasheet>~</datasheet>
      <fields>
        <field name="Link">https://www.komponentci.net/ic-266a-1-micro-usb-konnektor-mikro-usb-soket-4-sase-5-pin-pmu7201?srsltid=AfmBOoqqyfVtN8yTbUCHNj5_e1O3jHfNm5pzLSa5E1mZ95ysyAFdGuesBOU</field>
      </fields>
      <libsource lib="Connector" part="USB_B_Micro" description="USB Micro Type B connector"/>
      <sheetpath names="/" tstamps="/"/>
      <tstamp>671B5018</tstamp>
    </comp>
  </components>
  <libparts>
    <libpart lib="Amplifier_Operational" part="LM2904">
      <aliases>
        <alias>LM358</alias>
        <alias>AD8620</alias>
        <alias>LMC6062</alias>
        <alias>LMC6082</alias>
        <alias>TL062</alias>
        <alias>TL072</alias>
        <alias>TL082</alias>
        <alias>NE5532</alias>
        <alias>SA5532</alias>
        <alias>RC4558</alias>
        <alias>RC4560</alias>
        <alias>RC4580</alias>
        <alias>LMV358</alias>
        <alias>TS912</alias>
        <alias>TSV912IDT</alias>
        <alias>TSV912IST</alias>
        <alias>TLC272</alias>
        <alias>TLC277</alias>
        <alias>MCP602</alias>
        <alias>OPA1678</alias>
        <alias>OPA2134</alias>
        <alias>OPA2340</alias>
        <alias>OPA2376xxD</alias>
        <alias>OPA2376xxDGK</alias>
        <alias>MC33078</alias>
        <alias>MC33178</alias>
        <alias>LM4562</alias>
        <alias>OP249</alias>
        <alias>OP275</alias>
        <alias>ADA4075-2</alias>
        <alias>MCP6002-xP</alias>
        <alias>MCP6002-xSN</alias>
        <alias>MCP6002-xMS</alias>
        <alias>LM7332</alias>
        <alias>OPA2333xxD</alias>
        <alias>OPA2333xxDGK</alias>
        <alias>LMC6482</alias>
        <alias>LT1492</alias>
        <alias>LTC6081xMS8</alias>
        <alias>LM6172</alias>
        <alias>MCP6L92</alias>
        <alias>NJM2043</alias>
        <alias>NJM2114</alias>
        <alias>NJM4556A</alias>
        <alias>NJM4558</alias>
        <alias>NJM4559</alias>
        <alias>NJM4560</alias>
        <alias>NJM4580</alias>
        <alias>NJM5532</alias>
        <alias>ADA4807-2ARM</alias>
        <alias>OPA2691</alias>
        <alias>LT6234</alias>
        <alias>OPA2356xxD</alias>
        <alias>OPA2356xxDGK</alias>
        <alias>OPA1612AxD</alias>
        <alias>MC33172</alias>
        <alias>OPA1602</alias>
        <alias>TLV2372</alias>
        <alias>LT6237</alias>
        <alias>OPA2277</alias>
        <alias>MCP6022</alias>
        <alias>MCP6V67EMS</alias>
      </aliases>
      <description>Dual Operational Amplifiers, DIP-8/SOIC-8/TSSOP-8/VSSOP-8</description>
      <docs>http://www.ti.com/lit/ds/symlink/lm358.pdf</docs>
      <footprints>
        <fp>SOIC*3.9x4.9mm*P1.27mm*</fp>
        <fp>DIP*W7.62mm*</fp>
        <fp>TO*99*</fp>
        <fp>OnSemi*Micro8*</fp>
        <fp>TSSOP*3x3mm*P0.65mm*</fp>
        <fp>TSSOP*4.4x3mm*P0.65mm*</fp>
        <fp>MSOP*3x3mm*P0.65mm*</fp>
        <fp>SSOP*3.9x4.9mm*P0.635mm*</fp>
        <fp>LFCSP*2x2mm*P0.5mm*</fp>
        <fp>*SIP*</fp>
        <fp>SOIC*5.3x6.2mm*P1.27mm*</fp>
      </footprints>
      <fields>
        <field name="Reference">U</field>
        <field name="Value">LM2904</field>
      </fields>
      <pins>
        <pin num="1" name="~" type="output"/>
        <pin num="2" name="-" type="input"/>
        <pin num="3" name="+" type="input"/>
        <pin num="4" name="V-" type="power_in"/>
        <pin num="5" name="+" type="input"/>
        <pin num="6" name="-" type="input"/>
        <pin num="7" name="~" type="output"/>
        <pin num="8" name="V+" type="power_in"/>
      </pins>
    </libpart>
    <libpart lib="Connector" part="Barrel_Jack">
      <aliases>
        <alias>Jack-DC</alias>
      </aliases>
      <description>DC Barrel Jack</description>
      <docs>~</docs>
      <footprints>
        <fp>BarrelJack*</fp>
      </footprints>
      <fields>
        <field name="Reference">J</field>
        <field name="Value">Barrel_Jack</field>
      </fields>
      <pins>
        <pin num="1" name="~" type="passive"/>
        <pin num="2" name="~" type="passive"/>
      </pins>
    </libpart>
    <libpart lib="Connector" part="Screw_Terminal_01x02">
      <description>Generic screw terminal, single row, 01x02, script generated (kicad-library-utils/schlib/autogen/connector/)</description>
      <docs>~</docs>
      <footprints>
        <fp>TerminalBlock*:*</fp>
      </footprints>
      <fields>
        <field name="Reference">J</field>
        <field name="Value">Screw_Terminal_01x02</field>
      </fields>
      <pins>
        <pin num="1" name="Pin_1" type="passive"/>
        <pin num="2" name="Pin_2" type="passive"/>
      </pins>
    </libpart>
    <libpart lib="Connector" part="Screw_Terminal_01x03">
      <description>Generic screw terminal, single row, 01x03, script generated (kicad-library-utils/schlib/autogen/connector/)</description>
      <docs>~</docs>
      <footprints>
        <fp>TerminalBlock*:*</fp>
      </footprints>
      <fields>
        <field name="Reference">J</field>
        <field name="Value">Screw_Terminal_01x03</field>
      </fields>
      <pins>
        <pin num="1" name="Pin_1" type="passive"/>
        <pin num="2" name="Pin_2" type="passive"/>
        <pin num="3" name="Pin_3" type="passive"/>
      </pins>
    </libpart>
    <libpart lib="Connector" part="USB_B_Micro">
      <aliases>
        <alias>USB_B_Mini</alias>
      </aliases>
      <description>USB Micro Type B connector</description>
      <docs>~</docs>
      <footprints>
        <fp>USB*</fp>
      </footprints>
      <fields>
        <field name="Reference">J</field>
        <field name="Value">USB_B_Micro</field>
      </fields>
      <pins>
        <pin num="1" name="VBUS" type="power_out"/>
        <pin num="2" name="D-" type="BiDi"/>
        <pin num="3" name="D+" type="BiDi"/>
        <pin num="4" name="ID" type="passive"/>
        <pin num="5" name="GND" type="power_out"/>
        <pin num="6" name="Shield" type="passive"/>
      </pins>
    </libpart>
    <libpart lib="Connector_Generic" part="Conn_01x02">
      <description>Generic connector, single row, 01x02, script generated (kicad-library-utils/schlib/autogen/connector/)</description>
      <docs>~</docs>
      <footprints>
        <fp>Connector*:*_1x??_*</fp>
      </footprints>
      <fields>
        <field name="Reference">J</field>
        <field name="Value">Conn_01x02</field>
      </fields>
      <pins>
        <pin num="1" name="Pin_1" type="passive"/>
        <pin num="2" name="Pin_2" type="passive"/>
      </pins>
    </libpart>
    <libpart lib="Connector_Generic" part="Conn_01x04">
      <description>Generic connector, single row, 01x04, script generated (kicad-library-utils/schlib/autogen/connector/)</description>
      <docs>~</docs>
      <footprints>
        <fp>Connector*:*_1x??_*</fp>
      </footprints>
      <fields>
        <field name="Reference">J</field>
        <field name="Value">Conn_01x04</field>
      </fields>
      <pins>
        <pin num="1" name="Pin_1" type="passive"/>
        <pin num="2" name="Pin_2" type="passive"/>
        <pin num="3" name="Pin_3" type="passive"/>
        <pin num="4" name="Pin_4" type="passive"/>
      </pins>
    </libpart>
    <libpart lib="Connector_Generic" part="Conn_01x05">
      <description>Generic connector, single row, 01x05, script generated (kicad-library-utils/schlib/autogen/connector/)</description>
      <docs>~</docs>
      <footprints>
        <fp>Connector*:*_1x??_*</fp>
      </footprints>
      <fields>
        <field name="Reference">J</field>
        <field name="Value">Conn_01x05</field>
      </fields>
      <pins>
        <pin num="1" name="Pin_1" type="passive"/>
        <pin num="2" name="Pin_2" type="passive"/>
        <pin num="3" name="Pin_3" type="passive"/>
        <pin num="4" name="Pin_4" type="passive"/>
        <pin num="5" name="Pin_5" type="passive"/>
      </pins>
    </libpart>
    <libpart lib="Connector_Generic" part="Conn_01x06">
      <description>Generic connector, single row, 01x06, script generated (kicad-library-utils/schlib/autogen/connector/)</description>
      <docs>~</docs>
      <footprints>
        <fp>Connector*:*_1x??_*</fp>
      </footprints>
      <fields>
        <field name="Reference">J</field>
        <field name="Value">Conn_01x06</field>
      </fields>
      <pins>
        <pin num="1" name="Pin_1" type="passive"/>
        <pin num="2" name="Pin_2" type="passive"/>
        <pin num="3" name="Pin_3" type="passive"/>
        <pin num="4" name="Pin_4" type="passive"/>
        <pin num="5" name="Pin_5" type="passive"/>
        <pin num="6" name="Pin_6" type="passive"/>
      </pins>
    </libpart>
    <libpart lib="Device" part="CP1_Small">
      <description>Polarized capacitor, small US symbol</description>
      <docs>~</docs>
      <footprints>
        <fp>CP_*</fp>
      </footprints>
      <fields>
        <field name="Reference">C</field>
        <field name="Value">CP1_Small</field>
      </fields>
      <pins>
        <pin num="1" name="~" type="passive"/>
        <pin num="2" name="~" type="passive"/>
      </pins>
    </libpart>
    <libpart lib="Device" part="C_Small">
      <description>Unpolarized capacitor, small symbol</description>
      <docs>~</docs>
      <footprints>
        <fp>C_*</fp>
      </footprints>
      <fields>
        <field name="Reference">C</field>
        <field name="Value">C_Small</field>
      </fields>
      <pins>
        <pin num="1" name="~" type="passive"/>
        <pin num="2" name="~" type="passive"/>
      </pins>
    </libpart>
    <libpart lib="Device" part="Crystal">
      <description>Two pin crystal</description>
      <docs>~</docs>
      <footprints>
        <fp>Crystal*</fp>
      </footprints>
      <fields>
        <field name="Reference">Y</field>
        <field name="Value">Crystal</field>
      </fields>
      <pins>
        <pin num="1" name="1" type="passive"/>
        <pin num="2" name="2" type="passive"/>
      </pins>
    </libpart>
    <libpart lib="Device" part="D">
      <description>Diode</description>
      <docs>~</docs>
      <footprints>
        <fp>TO-???*</fp>
        <fp>*_Diode_*</fp>
        <fp>*SingleDiode*</fp>
        <fp>D_*</fp>
      </footprints>
      <fields>
        <field name="Reference">D</field>
        <field name="Value">D</field>
      </fields>
      <pins>
        <pin num="1" name="K" type="passive"/>
        <pin num="2" name="A" type="passive"/>
      </pins>
    </libpart>
    <libpart lib="Device" part="D_Schottky_Small">
      <description>Schottky diode, small symbol</description>
      <docs>~</docs>
      <footprints>
        <fp>TO-???*</fp>
        <fp>*_Diode_*</fp>
        <fp>*SingleDiode*</fp>
        <fp>D_*</fp>
      </footprints>
      <fields>
        <field name="Reference">D</field>
        <field name="Value">D_Schottky_Small</field>
      </fields>
      <pins>
        <pin num="1" name="K" type="passive"/>
        <pin num="2" name="A" type="passive"/>
      </pins>
    </libpart>
    <libpart lib="Device" part="D_Zener">
      <description>Zener diode</description>
      <docs>~</docs>
      <footprints>
        <fp>TO-???*</fp>
        <fp>*_Diode_*</fp>
        <fp>*SingleDiode*</fp>
        <fp>D_*</fp>
      </footprints>
      <fields>
        <field name="Reference">D</field>
        <field name="Value">D_Zener</field>
      </fields>
      <pins>
        <pin num="1" name="K" type="passive"/>
        <pin num="2" name="A" type="passive"/>
      </pins>
    </libpart>
    <libpart lib="Device" part="LED">
      <description>Light emitting diode</description>
      <docs>~</docs>
      <footprints>
        <fp>LED*</fp>
        <fp>LED_SMD:*</fp>
        <fp>LED_THT:*</fp>
      </footprints>
      <fields>
        <field name="Reference">D</field>
        <field name="Value">LED</field>
      </fields>
      <pins>
        <pin num="1" name="K" type="passive"/>
        <pin num="2" name="A" type="passive"/>
      </pins>
    </libpart>
    <libpart lib="Device" part="R_POT">
      <description>Potentiometer</description>
      <docs>~</docs>
      <footprints>
        <fp>Potentiometer*</fp>
      </footprints>
      <fields>
        <field name="Reference">RV</field>
        <field name="Value">R_POT</field>
      </fields>
      <pins>
        <pin num="1" name="1" type="passive"/>
        <pin num="2" name="2" type="passive"/>
        <pin num="3" name="3" type="passive"/>
      </pins>
    </libpart>
    <libpart lib="Device" part="R_Small_US">
      <description>Resistor, small US symbol</description>
      <docs>~</docs>
      <footprints>
        <fp>R_*</fp>
      </footprints>
      <fields>
        <field name="Reference">R</field>
        <field name="Value">R_Small_US</field>
      </fields>
      <pins>
        <pin num="1" name="~" type="passive"/>
        <pin num="2" name="~" type="passive"/>
      </pins>
    </libpart>
    <libpart lib="Interface_USB" part="CH340G">
      <description>USB serial converter, UART, SOIC-16</description>
      <docs>http://www.datasheet5.com/pdf-local-2195953</docs>
      <footprints>
        <fp>SOIC*3.9x9.9mm*P1.27mm*</fp>
      </footprints>
      <fields>
        <field name="Reference">U</field>
        <field name="Value">CH340G</field>
        <field name="Footprint">Package_SO:SOIC-16_3.9x9.9mm_P1.27mm</field>
      </fields>
      <pins>
        <pin num="1" name="GND" type="power_in"/>
        <pin num="2" name="TXD" type="output"/>
        <pin num="3" name="RXD" type="input"/>
        <pin num="4" name="V3" type="passive"/>
        <pin num="5" name="UD+" type="BiDi"/>
        <pin num="6" name="UD-" type="BiDi"/>
        <pin num="7" name="XI" type="input"/>
        <pin num="8" name="XO" type="output"/>
        <pin num="9" name="~CTS" type="input"/>
        <pin num="10" name="~DSR" type="input"/>
        <pin num="11" name="~RI" type="input"/>
        <pin num="12" name="~DCD" type="input"/>
        <pin num="13" name="~DTR" type="output"/>
        <pin num="14" name="~RTS" type="output"/>
        <pin num="15" name="R232" type="input"/>
        <pin num="16" name="VCC" type="power_in"/>
      </pins>
    </libpart>
    <libpart lib="Isolator" part="NSL-32">
      <description>Optocoupler, LED Input, Photocell Output</description>
      <docs>http://lunainc.com/wp-content/uploads/2016/06/NSL-32.pdf</docs>
      <footprints>
        <fp>Luna*NSL?32*</fp>
      </footprints>
      <fields>
        <field name="Reference">U</field>
        <field name="Value">NSL-32</field>
        <field name="Footprint">OptoDevice:Luna_NSL-32</field>
      </fields>
      <pins>
        <pin num="1" name="A" type="passive"/>
        <pin num="2" name="K" type="passive"/>
        <pin num="3" name="R" type="passive"/>
        <pin num="4" name="R" type="passive"/>
      </pins>
    </libpart>
    <libpart lib="Isolator" part="TLP785">
      <aliases>
        <alias>SFH617A-1</alias>
        <alias>SFH617A-2</alias>
        <alias>SFH617A-3</alias>
        <alias>SFH617A-4</alias>
        <alias>SFH617A-1X001</alias>
        <alias>SFH617A-2X001</alias>
        <alias>SFH617A-3X001</alias>
        <alias>SFH617A-4X001</alias>
      </aliases>
      <description>DC Optocoupler, Vce 80V, CTR 50-200%, DIP4</description>
      <docs>https://toshiba.semicon-storage.com/info/docget.jsp?did=10569&amp;prodName=TLP785</docs>
      <footprints>
        <fp>DIP*W7.62mm*</fp>
      </footprints>
      <fields>
        <field name="Reference">U</field>
        <field name="Value">TLP785</field>
        <field name="Footprint">Package_DIP:DIP-4_W7.62mm</field>
      </fields>
      <pins>
        <pin num="1" name="~" type="passive"/>
        <pin num="2" name="~" type="passive"/>
        <pin num="3" name="~" type="passive"/>
        <pin num="4" name="~" type="passive"/>
      </pins>
    </libpart>
    <libpart lib="NORA_BOTTOM-cache" part="Driver_FET_TLP250">
      <footprints>
        <fp>DIP*W7.62mm*</fp>
      </footprints>
      <fields>
        <field name="Reference">U</field>
        <field name="Value">Driver_FET_TLP250</field>
        <field name="Footprint">Package_DIP:DIP-8_W7.62mm</field>
      </fields>
      <pins>
        <pin num="1" name="NC" type="NotConnected"/>
        <pin num="2" name="A" type="passive"/>
        <pin num="3" name="C" type="passive"/>
        <pin num="4" name="NC" type="NotConnected"/>
        <pin num="5" name="VEE" type="power_in"/>
        <pin num="6" name="VO" type="output"/>
        <pin num="7" name="VO" type="output"/>
        <pin num="8" name="VCC" type="power_in"/>
      </pins>
    </libpart>
    <libpart lib="RF_Module" part="ESP32-WROOM-32U">
      <description>RF Module, ESP32-D0WD SoC, Wi-Fi 802.11b/g/n, Bluetooth, BLE, 32-bit, 2.7-3.6V, external antenna, SMD</description>
      <docs>https://www.espressif.com/sites/default/files/documentation/esp32-wroom-32d_esp32-wroom-32u_datasheet_en.pdf</docs>
      <footprints>
        <fp>ESP32?WROOM?32U*</fp>
      </footprints>
      <fields>
        <field name="Reference">U</field>
        <field name="Value">ESP32-WROOM-32U</field>
        <field name="Footprint">RF_Module:ESP32-WROOM-32U</field>
      </fields>
      <pins>
        <pin num="1" name="GND" type="power_in"/>
        <pin num="2" name="VDD" type="power_in"/>
        <pin num="3" name="EN" type="input"/>
        <pin num="4" name="SENSOR_VP" type="input"/>
        <pin num="5" name="SENSOR_VN" type="input"/>
        <pin num="6" name="IO34" type="input"/>
        <pin num="7" name="IO35" type="input"/>
        <pin num="8" name="IO32" type="BiDi"/>
        <pin num="9" name="IO33" type="BiDi"/>
        <pin num="10" name="IO25" type="BiDi"/>
        <pin num="11" name="IO26" type="BiDi"/>
        <pin num="12" name="IO27" type="BiDi"/>
        <pin num="13" name="IO14" type="BiDi"/>
        <pin num="14" name="IO12" type="BiDi"/>
        <pin num="15" name="GND" type="passive"/>
        <pin num="16" name="IO13" type="BiDi"/>
        <pin num="17" name="SHD/SD2" type="BiDi"/>
        <pin num="18" name="SWP/SD3" type="BiDi"/>
        <pin num="19" name="SCS/CMD" type="BiDi"/>
        <pin num="20" name="SCK/CLK" type="BiDi"/>
        <pin num="21" name="SDO/SD0" type="BiDi"/>
        <pin num="22" name="SDI/SD1" type="BiDi"/>
        <pin num="23" name="IO15" type="BiDi"/>
        <pin num="24" name="IO2" type="BiDi"/>
        <pin num="25" name="IO0" type="BiDi"/>
        <pin num="26" name="IO4" type="BiDi"/>
        <pin num="27" name="IO16" type="BiDi"/>
        <pin num="28" name="IO17" type="BiDi"/>
        <pin num="29" name="IO5" type="BiDi"/>
        <pin num="30" name="IO18" type="BiDi"/>
        <pin num="31" name="IO19" type="BiDi"/>
        <pin num="32" name="NC" type="NotConnected"/>
        <pin num="33" name="IO21" type="BiDi"/>
        <pin num="34" name="RXD0/IO3" type="BiDi"/>
        <pin num="35" name="TXD0/IO1" type="BiDi"/>
        <pin num="36" name="IO22" type="BiDi"/>
        <pin num="37" name="IO23" type="BiDi"/>
        <pin num="38" name="GND" type="passive"/>
        <pin num="39" name="GND" type="passive"/>
      </pins>
    </libpart>
    <libpart lib="Regulator_Linear" part="LM1117-1.8">
      <aliases>
        <alias>LM1117-2.5</alias>
        <alias>LM1117-3.3</alias>
        <alias>LM1117-5.0</alias>
        <alias>TLV1117-15</alias>
        <alias>TLV1117-18</alias>
        <alias>TLV1117-25</alias>
        <alias>TLV1117-33</alias>
        <alias>TLV1117-50</alias>
      </aliases>
      <description>800mA Low-Dropout Linear Regulator, 1.8V fixed output, TO-220/TO-252/TO-263/SOT-223</description>
      <docs>http://www.ti.com/lit/ds/symlink/lm1117.pdf</docs>
      <footprints>
        <fp>SOT?223*</fp>
        <fp>TO?263*</fp>
        <fp>TO?252*</fp>
        <fp>TO?220*</fp>
      </footprints>
      <fields>
        <field name="Reference">U</field>
        <field name="Value">LM1117-1.8</field>
      </fields>
      <pins>
        <pin num="1" name="GND" type="power_in"/>
        <pin num="2" name="VO" type="power_out"/>
        <pin num="3" name="VI" type="power_in"/>
      </pins>
    </libpart>
    <libpart lib="Switch" part="SW_SPDT">
      <description>Switch, single pole double throw</description>
      <docs>~</docs>
      <fields>
        <field name="Reference">SW</field>
        <field name="Value">SW_SPDT</field>
      </fields>
      <pins>
        <pin num="1" name="A" type="passive"/>
        <pin num="2" name="B" type="passive"/>
        <pin num="3" name="C" type="passive"/>
      </pins>
    </libpart>
    <libpart lib="Transistor_BJT" part="BC817">
      <aliases>
        <alias>BC818</alias>
        <alias>BC846</alias>
        <alias>BC847</alias>
        <alias>BC848</alias>
        <alias>BC849</alias>
        <alias>BC850</alias>
        <alias>MMBT3904</alias>
        <alias>MMBT5550L</alias>
        <alias>MMBT5551L</alias>
      </aliases>
      <description>0.8A Ic, 45V Vce, NPN Transistor, SOT-23</description>
      <docs>https://www.onsemi.com/pub/Collateral/BC818-D.pdf</docs>
      <footprints>
        <fp>SOT?23*</fp>
      </footprints>
      <fields>
        <field name="Reference">Q</field>
        <field name="Value">BC817</field>
        <field name="Footprint">Package_TO_SOT_SMD:SOT-23</field>
      </fields>
      <pins>
        <pin num="1" name="B" type="input"/>
        <pin num="2" name="E" type="passive"/>
        <pin num="3" name="C" type="passive"/>
      </pins>
    </libpart>
    <libpart lib="User_Libraries" part="ALQ124">
      <fields>
        <field name="Reference">U</field>
        <field name="Value">ALQ124</field>
      </fields>
      <pins>
        <pin num="1" name="~" type="passive"/>
        <pin num="2" name="~" type="passive"/>
        <pin num="3" name="~" type="input"/>
        <pin num="4" name="~" type="input"/>
        <pin num="5" name="~" type="passive"/>
      </pins>
    </libpart>
    <libpart lib="User_Libraries" part="INDUCTOR">
      <fields>
        <field name="Reference">L</field>
        <field name="Value">INDUCTOR</field>
        <field name="Footprint">User_Footprint:L_12x12mm_H8mm</field>
      </fields>
      <pins>
        <pin num="1" name="1" type="input"/>
        <pin num="2" name="2" type="input"/>
      </pins>
    </libpart>
    <libpart lib="User_Libraries" part="LM2596-ADJ">
      <fields>
        <field name="Reference">U</field>
        <field name="Value">LM2596-ADJ</field>
      </fields>
      <pins>
        <pin num="1" name="VIN" type="power_in"/>
        <pin num="2" name="OUT" type="output"/>
        <pin num="3" name="GND" type="power_in"/>
        <pin num="4" name="FB" type="input"/>
        <pin num="5" name="~ON~/OFF" type="input"/>
      </pins>
    </libpart>
    <libpart lib="User_Libraries" part="MINI_BUTTON">
      <fields>
        <field name="Reference">U</field>
        <field name="Value">MINI_BUTTON</field>
        <field name="Footprint">User_Footprint:MINI_BUTTON</field>
      </fields>
      <pins>
        <pin num="1" name="~" type="BiDi"/>
        <pin num="2" name="~" type="BiDi"/>
        <pin num="3" name="~" type="BiDi"/>
        <pin num="4" name="~" type="BiDi"/>
      </pins>
    </libpart>
    <libpart lib="nora_symbols" part="2N2222">
      <docs>https://pdf.direnc.net/upload/2n2222-transistor-npn-smd-sot-23-datasheet.pdf</docs>
      <fields>
        <field name="Reference">U</field>
        <field name="Value">2N2222</field>
        <field name="Footprint">nora_footprint:2N2222_SOT23</field>
        <field name="manufacturer">https://www.direnc.net/mmbt2222a-npn-smd-transistor-sot23</field>
      </fields>
      <pins>
        <pin num="1" name="B" type="passive"/>
        <pin num="2" name="E" type="passive"/>
        <pin num="3" name="C" type="passive"/>
      </pins>
    </libpart>
  </libparts>
  <libraries>
    <library logical="Amplifier_Operational">
      <uri>C:\Program Files\KiCad\share\kicad\library/Amplifier_Operational.lib</uri>
    </library>
    <library logical="Connector">
      <uri>C:\Program Files\KiCad\share\kicad\library/Connector.lib</uri>
    </library>
    <library logical="Connector_Generic">
      <uri>C:\Program Files\KiCad\share\kicad\library/Connector_Generic.lib</uri>
    </library>
    <library logical="Device">
      <uri>C:\Program Files\KiCad\share\kicad\library/Device.lib</uri>
    </library>
    <library logical="Interface_USB">
      <uri>C:\Program Files\KiCad\share\kicad\library/Interface_USB.lib</uri>
    </library>
    <library logical="Isolator">
      <uri>C:\Program Files\KiCad\share\kicad\library/Isolator.lib</uri>
    </library>
    <library logical="NORA_BOTTOM-cache">
      <uri>C:/Users/Nitro/Desktop/NORA/NORA_BOTTOM/NORA_BOTTOM-cache.lib</uri>
    </library>
    <library logical="RF_Module">
      <uri>C:\Program Files\KiCad\share\kicad\library/RF_Module.lib</uri>
    </library>
    <library logical="Regulator_Linear">
      <uri>C:\Program Files\KiCad\share\kicad\library/Regulator_Linear.lib</uri>
    </library>
    <library logical="Switch">
      <uri>C:\Program Files\KiCad\share\kicad\library/Switch.lib</uri>
    </library>
    <library logical="Transistor_BJT">
      <uri>C:\Program Files\KiCad\share\kicad\library/Transistor_BJT.lib</uri>
    </library>
    <library logical="User_Libraries">
      <uri>C:/Users/Nitro/Desktop/KiCad çizimler/User_Libraries.lib</uri>
    </library>
    <library logical="nora_symbols">
      <uri>C:/Users/Nitro/Desktop/NORA/Libraries/nora_symbols.lib</uri>
    </library>
  </libraries>
  <nets>
    <net code="1" name="GND">
      <node ref="C5" pin="1"/>
      <node ref="C7" pin="2"/>
      <node ref="C8" pin="2"/>
      <node ref="C6" pin="1"/>
      <node ref="J11" pin="1"/>
      <node ref="U6" pin="1"/>
      <node ref="C21" pin="2"/>
      <node ref="J3" pin="2"/>
      <node ref="U9" pin="1"/>
      <node ref="R35" pin="1"/>
      <node ref="C17" pin="2"/>
      <node ref="R33" pin="1"/>
      <node ref="C20" pin="2"/>
      <node ref="U12" pin="4"/>
      <node ref="C19" pin="2"/>
      <node ref="C18" pin="2"/>
      <node ref="R37" pin="1"/>
      <node ref="C2" pin="2"/>
      <node ref="C1" pin="2"/>
      <node ref="C3" pin="2"/>
      <node ref="R0" pin="2"/>
      <node ref="U2" pin="5"/>
      <node ref="U2" pin="3"/>
      <node ref="J13" pin="6"/>
      <node ref="U18" pin="4"/>
      <node ref="J8" pin="5"/>
      <node ref="U3" pin="38"/>
      <node ref="U13" pin="3"/>
      <node ref="C14" pin="2"/>
      <node ref="J10" pin="2"/>
      <node ref="C9" pin="2"/>
      <node ref="C11" pin="2"/>
      <node ref="C10" pin="2"/>
      <node ref="U11" pin="3"/>
      <node ref="D1" pin="2"/>
      <node ref="U7" pin="2"/>
      <node ref="U4" pin="4"/>
      <node ref="R25" pin="1"/>
      <node ref="J4" pin="2"/>
      <node ref="C12" pin="2"/>
      <node ref="U3" pin="15"/>
      <node ref="U3" pin="1"/>
      <node ref="R8" pin="1"/>
      <node ref="R11" pin="1"/>
      <node ref="U3" pin="39"/>
      <node ref="C16" pin="2"/>
      <node ref="R31" pin="1"/>
      <node ref="J9" pin="2"/>
      <node ref="R29" pin="1"/>
      <node ref="U5" pin="2"/>
      <node ref="D2" pin="1"/>
      <node ref="U1" pin="4"/>
      <node ref="J2" pin="3"/>
      <node ref="C4" pin="2"/>
      <node ref="C13" pin="2"/>
      <node ref="J7" pin="2"/>
      <node ref="R14" pin="2"/>
    </net>
    <net code="2" name="Net-(R13-Pad1)">
      <node ref="U7" pin="1"/>
      <node ref="R14" pin="1"/>
      <node ref="R13" pin="1"/>
    </net>
    <net code="3" name="Net-(J5-Pad3)">
      <node ref="J5" pin="3"/>
      <node ref="U8" pin="5"/>
    </net>
    <net code="4" name="Net-(J5-Pad1)">
      <node ref="U8" pin="1"/>
      <node ref="J5" pin="1"/>
    </net>
    <net code="5" name="Net-(D5-Pad2)">
      <node ref="U8" pin="3"/>
      <node ref="D5" pin="2"/>
      <node ref="U7" pin="3"/>
    </net>
    <net code="6" name="Net-(D2-Pad2)">
      <node ref="D2" pin="2"/>
      <node ref="R1" pin="2"/>
    </net>
    <net code="7" name="Net-(C13-Pad1)">
      <node ref="C13" pin="1"/>
      <node ref="J2" pin="2"/>
      <node ref="U1" pin="3"/>
    </net>
    <net code="8" name="3V3">
      <node ref="U1" pin="8"/>
      <node ref="U15" pin="2"/>
      <node ref="U9" pin="2"/>
      <node ref="C6" pin="2"/>
      <node ref="U17" pin="2"/>
      <node ref="U6" pin="4"/>
      <node ref="C21" pin="1"/>
      <node ref="J13" pin="1"/>
      <node ref="R23" pin="1"/>
      <node ref="J2" pin="1"/>
      <node ref="R9" pin="1"/>
      <node ref="U6" pin="16"/>
      <node ref="R19" pin="2"/>
      <node ref="R10" pin="1"/>
      <node ref="U3" pin="2"/>
      <node ref="U16" pin="2"/>
      <node ref="J11" pin="5"/>
      <node ref="C10" pin="1"/>
      <node ref="J10" pin="1"/>
      <node ref="R6" pin="1"/>
      <node ref="C11" pin="1"/>
      <node ref="R7" pin="1"/>
      <node ref="R4" pin="1"/>
      <node ref="U14" pin="2"/>
    </net>
    <net code="9" name="MCU_HUMIDITY">
      <node ref="U3" pin="8"/>
      <node ref="R20" pin="1"/>
    </net>
    <net code="10" name="Net-(J5-Pad2)">
      <node ref="U8" pin="2"/>
      <node ref="J5" pin="2"/>
    </net>
    <net code="11" name="MCU_4_20mA">
      <node ref="U3" pin="12"/>
      <node ref="R26" pin="1"/>
    </net>
    <net code="12" name="MCU_5_24V">
      <node ref="U3" pin="37"/>
      <node ref="C12" pin="1"/>
      <node ref="R19" pin="1"/>
      <node ref="U11" pin="4"/>
    </net>
    <net code="13" name="Net-(R17-Pad1)">
      <node ref="R18" pin="1"/>
      <node ref="U11" pin="1"/>
      <node ref="R17" pin="1"/>
    </net>
    <net code="14" name="Net-(D6-Pad2)">
      <node ref="U11" pin="2"/>
      <node ref="D6" pin="2"/>
      <node ref="J1" pin="2"/>
    </net>
    <net code="15" name="Net-(D6-Pad1)">
      <node ref="R15" pin="1"/>
      <node ref="D6" pin="1"/>
      <node ref="R17" pin="2"/>
      <node ref="R16" pin="1"/>
      <node ref="R18" pin="2"/>
    </net>
    <net code="16" name="Net-(J4-Pad1)">
      <node ref="J4" pin="1"/>
      <node ref="U4" pin="3"/>
      <node ref="R25" pin="2"/>
    </net>
    <net code="17" name="Net-(R26-Pad2)">
      <node ref="U4" pin="2"/>
      <node ref="U4" pin="1"/>
      <node ref="R26" pin="2"/>
    </net>
    <net code="18" name="Net-(J1-Pad1)">
      <node ref="J1" pin="1"/>
      <node ref="R16" pin="2"/>
      <node ref="R15" pin="2"/>
    </net>
    <net code="19" name="Net-(D1-Pad1)">
      <node ref="L1" pin="1"/>
      <node ref="D1" pin="1"/>
      <node ref="U2" pin="2"/>
    </net>
    <net code="20" name="Net-(R0-Pad1)">
      <node ref="RV1" pin="1"/>
      <node ref="RV1" pin="2"/>
      <node ref="U2" pin="4"/>
      <node ref="R0" pin="1"/>
    </net>
    <net code="21" name="Net-(C3-Pad1)">
      <node ref="C4" pin="1"/>
      <node ref="C3" pin="1"/>
      <node ref="D3" pin="2"/>
      <node ref="R1" pin="1"/>
      <node ref="RV1" pin="3"/>
      <node ref="L1" pin="2"/>
    </net>
    <net code="22" name="Net-(R13-Pad2)">
      <node ref="R13" pin="2"/>
      <node ref="U5" pin="3"/>
    </net>
    <net code="23" name="Net-(R12-Pad1)">
      <node ref="R12" pin="1"/>
      <node ref="U5" pin="1"/>
    </net>
    <net code="24" name="24V">
      <node ref="C1" pin="1"/>
      <node ref="D5" pin="1"/>
      <node ref="C15" pin="1"/>
      <node ref="C2" pin="1"/>
      <node ref="U13" pin="8"/>
      <node ref="U8" pin="4"/>
      <node ref="J7" pin="1"/>
      <node ref="U2" pin="1"/>
    </net>
    <net code="25" name="DTR">
      <node ref="R2" pin="2"/>
      <node ref="Q2" pin="2"/>
      <node ref="U6" pin="13"/>
    </net>
    <net code="26" name="MCU_BOOT">
      <node ref="U3" pin="25"/>
      <node ref="J13" pin="5"/>
      <node ref="Q2" pin="3"/>
    </net>
    <net code="27" name="Net-(Q2-Pad1)">
      <node ref="Q2" pin="1"/>
      <node ref="R3" pin="1"/>
    </net>
    <net code="28" name="RTS">
      <node ref="U6" pin="14"/>
      <node ref="R3" pin="2"/>
      <node ref="Q1" pin="2"/>
    </net>
    <net code="29" name="Net-(Q1-Pad1)">
      <node ref="Q1" pin="1"/>
      <node ref="R2" pin="1"/>
    </net>
    <net code="30" name="MCU_ENABLE">
      <node ref="J13" pin="4"/>
      <node ref="SW1" pin="1"/>
      <node ref="Q1" pin="3"/>
    </net>
    <net code="31" name="Net-(C8-Pad1)">
      <node ref="U6" pin="8"/>
      <node ref="Y1" pin="2"/>
      <node ref="C8" pin="1"/>
    </net>
    <net code="32" name="Net-(U18-Pad2)">
      <node ref="U18" pin="2"/>
    </net>
    <net code="33" name="MCU_TXD">
      <node ref="J13" pin="2"/>
      <node ref="U6" pin="3"/>
      <node ref="U3" pin="35"/>
    </net>
    <net code="34" name="MCU_RXD">
      <node ref="J13" pin="3"/>
      <node ref="U6" pin="2"/>
      <node ref="U3" pin="34"/>
    </net>
    <net code="35" name="Net-(J8-Pad4)">
      <node ref="J8" pin="4"/>
    </net>
    <net code="36" name="Net-(J8-Pad6)">
      <node ref="J8" pin="6"/>
    </net>
    <net code="37" name="Net-(U18-Pad3)">
      <node ref="U18" pin="3"/>
    </net>
    <net code="38" name="Net-(R30-Pad1)">
      <node ref="R30" pin="1"/>
      <node ref="U14" pin="3"/>
    </net>
    <net code="39" name="Net-(U14-Pad4)">
      <node ref="U14" pin="4"/>
    </net>
    <net code="40" name="Net-(U14-Pad1)">
      <node ref="U14" pin="1"/>
    </net>
    <net code="41" name="D_P">
      <node ref="J8" pin="3"/>
      <node ref="U6" pin="5"/>
    </net>
    <net code="42" name="D_N">
      <node ref="J8" pin="2"/>
      <node ref="U6" pin="6"/>
    </net>
    <net code="43" name="5V">
      <node ref="J9" pin="1"/>
      <node ref="D3" pin="1"/>
      <node ref="U5" pin="4"/>
      <node ref="C5" pin="2"/>
      <node ref="U9" pin="3"/>
      <node ref="C20" pin="1"/>
      <node ref="U12" pin="8"/>
      <node ref="J8" pin="1"/>
      <node ref="U4" pin="8"/>
    </net>
    <net code="44" name="Net-(U6-Pad10)">
      <node ref="U6" pin="10"/>
    </net>
    <net code="45" name="Net-(U6-Pad11)">
      <node ref="U6" pin="11"/>
    </net>
    <net code="46" name="Net-(U6-Pad12)">
      <node ref="U6" pin="12"/>
    </net>
    <net code="47" name="MCU_SDA">
      <node ref="J11" pin="4"/>
      <node ref="J12" pin="4"/>
      <node ref="U3" pin="33"/>
      <node ref="R7" pin="2"/>
    </net>
    <net code="48" name="Net-(R20-Pad2)">
      <node ref="U1" pin="2"/>
      <node ref="R20" pin="2"/>
      <node ref="U1" pin="1"/>
    </net>
    <net code="49" name="Net-(J11-Pad2)">
      <node ref="J11" pin="2"/>
    </net>
    <net code="50" name="MCU_SCL">
      <node ref="U3" pin="36"/>
      <node ref="R6" pin="2"/>
      <node ref="J12" pin="3"/>
      <node ref="J11" pin="3"/>
    </net>
    <net code="51" name="Net-(U6-Pad15)">
      <node ref="U6" pin="15"/>
    </net>
    <net code="52" name="Net-(U6-Pad9)">
      <node ref="U6" pin="9"/>
    </net>
    <net code="53" name="Net-(C7-Pad1)">
      <node ref="C7" pin="1"/>
      <node ref="U6" pin="7"/>
      <node ref="Y1" pin="1"/>
    </net>
    <net code="54" name="MCU_USER_BUTTON_3">
      <node ref="U3" pin="10"/>
      <node ref="R33" pin="2"/>
      <node ref="C17" pin="1"/>
      <node ref="R32" pin="2"/>
    </net>
    <net code="55" name="Net-(U17-Pad1)">
      <node ref="U17" pin="1"/>
    </net>
    <net code="56" name="Net-(R36-Pad1)">
      <node ref="U17" pin="3"/>
      <node ref="R36" pin="1"/>
    </net>
    <net code="57" name="Net-(U17-Pad4)">
      <node ref="U17" pin="4"/>
    </net>
    <net code="58" name="MCU_USER_BUTTON_4">
      <node ref="R30" pin="2"/>
      <node ref="R31" pin="2"/>
      <node ref="C16" pin="1"/>
      <node ref="U3" pin="11"/>
    </net>
    <net code="59" name="Net-(U15-Pad1)">
      <node ref="U15" pin="1"/>
    </net>
    <net code="60" name="Net-(U15-Pad4)">
      <node ref="U15" pin="4"/>
    </net>
    <net code="61" name="MCU_USER_BUTTON_2">
      <node ref="R34" pin="2"/>
      <node ref="C18" pin="1"/>
      <node ref="R35" pin="2"/>
      <node ref="U3" pin="7"/>
    </net>
    <net code="62" name="Net-(U16-Pad1)">
      <node ref="U16" pin="1"/>
    </net>
    <net code="63" name="Net-(R34-Pad1)">
      <node ref="R34" pin="1"/>
      <node ref="U16" pin="3"/>
    </net>
    <net code="64" name="Net-(U16-Pad4)">
      <node ref="U16" pin="4"/>
    </net>
    <net code="65" name="Net-(U3-Pad32)">
      <node ref="U3" pin="32"/>
    </net>
    <net code="66" name="Net-(U3-Pad20)">
      <node ref="U3" pin="20"/>
    </net>
    <net code="67" name="Net-(U3-Pad21)">
      <node ref="U3" pin="21"/>
    </net>
    <net code="68" name="Net-(U3-Pad22)">
      <node ref="U3" pin="22"/>
    </net>
    <net code="69" name="Net-(U3-Pad23)">
      <node ref="U3" pin="23"/>
    </net>
    <net code="70" name="Net-(U3-Pad26)">
      <node ref="U3" pin="26"/>
    </net>
    <net code="71" name="Net-(U3-Pad27)">
      <node ref="U3" pin="27"/>
    </net>
    <net code="72" name="Net-(U3-Pad28)">
      <node ref="U3" pin="28"/>
    </net>
    <net code="73" name="Net-(U3-Pad29)">
      <node ref="U3" pin="29"/>
    </net>
    <net code="74" name="Net-(U3-Pad30)">
      <node ref="U3" pin="30"/>
    </net>
    <net code="75" name="Net-(U3-Pad31)">
      <node ref="U3" pin="31"/>
    </net>
    <net code="76" name="Net-(U3-Pad19)">
      <node ref="U3" pin="19"/>
    </net>
    <net code="77" name="Net-(U3-Pad4)">
      <node ref="U3" pin="4"/>
    </net>
    <net code="78" name="Net-(U3-Pad5)">
      <node ref="U3" pin="5"/>
    </net>
    <net code="79" name="OLED_VCC">
      <node ref="J12" pin="2"/>
      <node ref="R10" pin="2"/>
      <node ref="R11" pin="2"/>
    </net>
    <net code="80" name="Net-(R32-Pad1)">
      <node ref="R32" pin="1"/>
      <node ref="U15" pin="3"/>
    </net>
    <net code="81" name="Net-(U3-Pad13)">
      <node ref="U3" pin="13"/>
    </net>
    <net code="82" name="Net-(U3-Pad16)">
      <node ref="U3" pin="16"/>
    </net>
    <net code="83" name="Net-(U3-Pad17)">
      <node ref="U3" pin="17"/>
    </net>
    <net code="84" name="Net-(U3-Pad18)">
      <node ref="U3" pin="18"/>
    </net>
    <net code="85" name="Net-(J6-Pad1)">
      <node ref="J6" pin="1"/>
      <node ref="U13" pin="6"/>
      <node ref="R28" pin="2"/>
    </net>
    <net code="86" name="MCU_USER_BUTTON_1">
      <node ref="C19" pin="1"/>
      <node ref="R36" pin="2"/>
      <node ref="R37" pin="2"/>
      <node ref="U3" pin="6"/>
    </net>
    <net code="87" name="Net-(C14-Pad1)">
      <node ref="R23" pin="2"/>
      <node ref="U12" pin="3"/>
      <node ref="C14" pin="1"/>
      <node ref="J3" pin="1"/>
    </net>
    <net code="88" name="MCU_PWM">
      <node ref="U3" pin="14"/>
      <node ref="R27" pin="2"/>
    </net>
    <net code="89" name="Net-(U13-Pad1)">
      <node ref="U13" pin="1"/>
    </net>
    <net code="90" name="Net-(R27-Pad1)">
      <node ref="U13" pin="2"/>
      <node ref="R27" pin="1"/>
    </net>
    <net code="91" name="Net-(U13-Pad4)">
      <node ref="U13" pin="4"/>
    </net>
    <net code="92" name="Net-(R28-Pad1)">
      <node ref="U13" pin="7"/>
      <node ref="R28" pin="1"/>
    </net>
    <net code="93" name="OLED_GND">
      <node ref="J12" pin="1"/>
      <node ref="R9" pin="2"/>
      <node ref="R8" pin="2"/>
    </net>
    <net code="94" name="Net-(C15-Pad2)">
      <node ref="C15" pin="2"/>
      <node ref="U13" pin="5"/>
      <node ref="J6" pin="2"/>
      <node ref="R29" pin="2"/>
    </net>
    <net code="95" name="Net-(R24-Pad2)">
      <node ref="R24" pin="2"/>
      <node ref="U12" pin="2"/>
      <node ref="U12" pin="1"/>
    </net>
    <net code="96" name="Net-(C9-Pad1)">
      <node ref="U18" pin="1"/>
      <node ref="R5" pin="1"/>
      <node ref="R4" pin="2"/>
      <node ref="C9" pin="1"/>
    </net>
    <net code="97" name="MCU_TEMPERATURE">
      <node ref="U3" pin="9"/>
      <node ref="R24" pin="1"/>
    </net>
    <net code="98" name="MCU_RELAY">
      <node ref="U3" pin="24"/>
      <node ref="R12" pin="2"/>
    </net>
    <net code="99" name="MCU_ENABLE_RESETABLE">
      <node ref="SW1" pin="3"/>
      <node ref="R5" pin="2"/>
    </net>
    <net code="100" name="Net-(SW1-Pad2)">
      <node ref="SW1" pin="2"/>
      <node ref="U3" pin="3"/>
    </net>
  </nets>
</export>
