"Source:","C:\Users\Nitro\Desktop\NORA MINI\NORA_MINI\NORA_MINI.sch"
"Date:","17.11.2024 10:49:06"
"Tool:","Eeschema (5.1.12)-1"
"Component Count:","98"
"Ref","Value","Footprint","Datasheet","Manufacturer","Vendor"
"C1","100uF-50V","Capacitor_SMD:CP_Elec_8x10","~","",""
"C2","100nF-50V","Capacitor_SMD:C_0805_2012Metric","~","",""
"C3","220uF-63V","Capacitor_SMD:CP_Elec_10x10","~","",""
"C4","100nF-50V","Capacitor_SMD:C_0805_2012Metric","~","",""
"C5","100nF-16V","Capacitor_SMD:C_0603_1608Metric","~","",""
"C6","100nF-16V","Capacitor_SMD:C_0603_1608Metric","~","",""
"C7","22pF","Capacitor_SMD:C_0805_2012Metric","~","",""
"C8","22pF","Capacitor_SMD:C_0805_2012Metric","~","",""
"C9","100nF-16V","Capacitor_SMD:C_0603_1608Metric","~","",""
"C10","100nF-16V","Capacitor_SMD:C_0603_1608Metric","~","",""
"C11","100nF-16V","Capacitor_SMD:C_0603_1608Metric","~","",""
"C12","100nF-16V","Capacitor_SMD:C_0603_1608Metric","~","",""
"C13","100nF-16V","Capacitor_SMD:C_0603_1608Metric","~","",""
"C14","100nF-16V","Capacitor_SMD:C_0603_1608Metric","~","",""
"C15","100nF-16V","Capacitor_SMD:C_0603_1608Metric","~","",""
"C16","100nF-16V","Capacitor_SMD:C_0603_1608Metric","~","",""
"C17","100nF-16V","Capacitor_SMD:C_0603_1608Metric","~","",""
"C18","100nF-16V","Capacitor_SMD:C_0603_1608Metric","~","",""
"C19","100nF-16V","Capacitor_SMD:C_0603_1608Metric","~","",""
"C20","10uF-16V","Capacitor_SMD:C_0805_2012Metric","~","",""
"C21","10uF-16V","Capacitor_SMD:C_0805_2012Metric","~","",""
"D1","SS34","Diode_SMD:D_SMC","~","",""
"D2","LED","LED_SMD:LED_1206_3216Metric","~","",""
"D3","SS34","Diode_SMD:D_SMC","~","",""
"D5","1N4007","Diode_SMD:D_SMA","~","",""
"D6","2V-500mW","nora_footprint:SOD80_zener","~","",""
"J1","Screw_Terminal_01x02","Connector_Phoenix_MC_HighVoltage:PhoenixContact_MC_1,5_2-G-5.08_1x02_P5.08mm_Horizontal","~","",""
"J2","Screw_Terminal_01x03","Connector_Phoenix_MC_HighVoltage:PhoenixContact_MC_1,5_3-G-5.08_1x03_P5.08mm_Horizontal","~","",""
"J3","Screw_Terminal_01x02","Connector_Phoenix_MC_HighVoltage:PhoenixContact_MC_1,5_2-G-5.08_1x02_P5.08mm_Horizontal","~","",""
"J4","Screw_Terminal_01x02","Connector_Phoenix_MC_HighVoltage:PhoenixContact_MC_1,5_2-G-5.08_1x02_P5.08mm_Horizontal","~","",""
"J5","Screw_Terminal_01x03","Connector_Phoenix_MC_HighVoltage:PhoenixContact_MC_1,5_3-G-5.08_1x03_P5.08mm_Horizontal","~","",""
"J6","Screw_Terminal_01x02","Connector_Phoenix_MC_HighVoltage:PhoenixContact_MC_1,5_2-G-5.08_1x02_P5.08mm_Horizontal","~","",""
"J7","Barrel_Jack","User_Footprint:BARREL_JACK","~","",""
"J8","USB_B_Micro","User_Footprint:USB_MICRO_B","~","",""
"J9","Conn_01x02","Connector_PinHeader_2.54mm:PinHeader_1x02_P2.54mm_Vertical","~","",""
"J10","Conn_01x02","Connector_PinHeader_2.54mm:PinHeader_1x02_P2.54mm_Vertical","~","",""
"J11","Conn_01x05","Connector_PinHeader_2.54mm:PinHeader_1x05_P2.54mm_Vertical","~","",""
"J12","Conn_01x04","Connector_PinHeader_2.54mm:PinHeader_1x04_P2.54mm_Vertical","~","",""
"J13","Conn_01x06","Connector_PinHeader_2.54mm:PinHeader_1x06_P2.54mm_Vertical","~","",""
"L1","33uH","User_Footprint:L_12x12mm_H8mm","","",""
"Q1","BC847","Package_TO_SOT_SMD:SOT-23","http://www.infineon.com/dgdl/Infineon-BC847SERIES_BC848SERIES_BC849SERIES_BC850SERIES-DS-v01_01-en.pdf?fileId=db3a304314dca389011541d4630a1657","",""
"Q2","BC847","Package_TO_SOT_SMD:SOT-23","http://www.infineon.com/dgdl/Infineon-BC847SERIES_BC848SERIES_BC849SERIES_BC850SERIES-DS-v01_01-en.pdf?fileId=db3a304314dca389011541d4630a1657","",""
"R0","1K2","Resistor_SMD:R_0805_2012Metric","~","",""
"R1","270R","Resistor_SMD:R_1206_3216Metric","~","",""
"R2","10K 1/4W","Resistor_SMD:R_1206_3216Metric","~","",""
"R3","10K 1/4W","Resistor_SMD:R_1206_3216Metric","~","",""
"R4","10K 1/4W","Resistor_SMD:R_1206_3216Metric","~","",""
"R5","120R","Resistor_SMD:R_1206_3216Metric","~","",""
"R6","4K7","Resistor_SMD:R_1206_3216Metric","~","",""
"R7","4K7","Resistor_SMD:R_1206_3216Metric","~","",""
"R8","0R","Resistor_SMD:R_1206_3216Metric","~","",""
"R9","0R","Resistor_SMD:R_1206_3216Metric","~","",""
"R10","0R","Resistor_SMD:R_1206_3216Metric","~","",""
"R11","0R","Resistor_SMD:R_1206_3216Metric","~","",""
"R12","330R","Resistor_SMD:R_1206_3216Metric","~","",""
"R13","1K 1/4W","Resistor_SMD:R_1206_3216Metric","~","",""
"R14","10K 1/4W","Resistor_SMD:R_1206_3216Metric","~","",""
"R15","1K-1W","Resistor_SMD:R_2512_6332Metric","~","",""
"R16","1K-1W","Resistor_SMD:R_2512_6332Metric","~","",""
"R17","180R 1/4W","Resistor_SMD:R_1206_3216Metric","~","",""
"R18","180R 1/4W","Resistor_SMD:R_1206_3216Metric","~","",""
"R19","10K 1/4W","Resistor_SMD:R_1206_3216Metric","~","",""
"R20","220R","Resistor_SMD:R_1206_3216Metric","~","",""
"R23","10K 1/4W","Resistor_SMD:R_1206_3216Metric","~","",""
"R24","220R","Resistor_SMD:R_1206_3216Metric","~","",""
"R25","150R","Resistor_SMD:R_1206_3216Metric","~","",""
"R26","220R","Resistor_SMD:R_1206_3216Metric","~","",""
"R27","249R","Resistor_SMD:R_0805_2012Metric","~","",""
"R28","0R","Resistor_SMD:R_1206_3216Metric","~","",""
"R29","0R","Resistor_SMD:R_1206_3216Metric","~","",""
"R30","120R","Resistor_SMD:R_1206_3216Metric","~","",""
"R31","10K 1/4W","Resistor_SMD:R_1206_3216Metric","~","",""
"R32","120R","Resistor_SMD:R_1206_3216Metric","~","",""
"R33","10K 1/4W","Resistor_SMD:R_1206_3216Metric","~","",""
"R34","120R","Resistor_SMD:R_1206_3216Metric","~","",""
"R35","10K 1/4W","Resistor_SMD:R_1206_3216Metric","~","",""
"R36","120R","Resistor_SMD:R_1206_3216Metric","~","",""
"R37","10K 1/4W","Resistor_SMD:R_1206_3216Metric","~","",""
"RV1","50K","User_Footprint:TRIM_3296W-1-250","~","",""
"SW1","SW_SPDT","nora_footprint:SW_MINI-SPDT-SW","~","",""
"U1","LM358","Package_SO:SOIC-8_3.9x4.9mm_P1.27mm","","",""
"U2","LM2596S-ADJ","nora_footprint:LM2596","","",""
"U3","ESP32-WROOM-32U","RF_Module:ESP32-WROOM-32U","https://www.espressif.com/sites/default/files/documentation/esp32-wroom-32d_esp32-wroom-32u_datasheet_en.pdf","",""
"U4","LM358","Package_SO:SOIC-8_3.9x4.9mm_P1.27mm","","",""
"U5","IS281GB","User_Footprint:IS281GB","","",""
"U6","CH340G","User_Footprint:CH340G","http://www.datasheet5.com/pdf-local-2195953","",""
"U7","2N2222","nora_footprint:2N2222_SOT23","https://pdf.direnc.net/upload/2n2222-transistor-npn-smd-sot-23-datasheet.pdf","",""
"U8","ALQ124A01","nora_footprint:ALQ124","","",""
"U9","LM1117-3.3","Package_TO_SOT_SMD:SOT-223","","",""
"U11","IS281GB","User_Footprint:IS281GB","","",""
"U12","LM358","Package_SO:SOIC-8_3.9x4.9mm_P1.27mm","","",""
"U13","Driver_FET_TLP250","Package_DIP:DIP-8_W7.62mm_LongPads","","",""
"U14","MINI_BUTTON","User_Footprint:4_PIN_SMD_BUTTON","","",""
"U15","MINI_BUTTON","User_Footprint:4_PIN_SMD_BUTTON","","",""
"U16","MINI_BUTTON","User_Footprint:4_PIN_SMD_BUTTON","","",""
"U17","MINI_BUTTON","User_Footprint:4_PIN_SMD_BUTTON","","",""
"U18","MINI_BUTTON","User_Footprint:4_PIN_SMD_BUTTON","","",""
"Y1","12MHz","Crystal:Crystal_SMD_HC49-SD","~","",""
